,country_name,inflation_annual_2016,inflation_annual_10_yr_change,interest_rates_2016,interest_rates_10_yr_change,documents_to_export_2016,documents_to_export_10_yr_change,exports_gs_2016,exports_gs_10_yr_change,cost_to_export_2016,cost_to_export_10_yr_change,currrency_exchange_2016,currrency_exchange_10_yr_change,ppp_by_gdp_2016,ppp_by_gdp_10_yr_change,gni_current_us_2016,gni_current_us_10_yr_change,gdp_current_us_2016,gdp_current_us_10_yr_change
0,Aruba,,,,,,,,0.36591561244076243,,,1.79,0.0,,,,,,-0.5778279590858478
1,Afghanistan,5.123374914477765,-0.2831858036241497,9.395270170461405,-0.036536043349425784,,,6.896249560457546,-0.7656864758561156,,0.9452885077359174,67.8660857692308,0.8976212443889857,,,19690022207.685246,0.82785375808882,19469022207.685246,0.8306217758840664
2,Angola,27.674838081746998,0.3186691415795165,-9.316114530742349,0.2218477265485803,,-0.6123724356957947,30.01703712487962,-0.9030789885389212,,0.7905694150420949,163.656434116579,0.890094157815177,,,90077744958.65123,0.7413674890603061,95337203468.11555,0.6601631173248648
3,Albania,-0.48140283125935923,-0.7246679787505741,10.184598443183914,0.3329469119412908,,,28.923417099869788,0.7335492671553145,,-0.075955452531275,124.14087146638,0.9040649777178303,,,12076265823.753492,0.11353982528174766,11883682170.823637,-0.028090379523848196
4,Andorra,0.699897362379005,-0.6243155005225067,,,,,,,,,,,,,,,2877311946.9026546,-0.8792955589427192
5,Arab World,0.48518060524111917,-0.7344604732570905,,,,-0.6123724356957945,40.80073097843057,-0.7009902311342247,,0.9441631810740482,,,,,2510029182389.212,0.6775879079808979,2500164034395.776,0.6541513154350747
6,United Arab Emirates,-3.197246521879137,-0.6981664118116585,,,,-0.6123724356957945,101.00301392261417,0.8696037167978955,,0.6000991981489792,3.6725,0.0,,,350839930102.11035,0.6939863774157163,357045064669.84344,0.7125663157186102
7,Argentina,40.07469064429395,0.626292358212095,-10.105102198825056,0.9881408113006956,,,12.583832389187341,-0.9687881724263236,,0.8934706141953319,14.7581750873396,0.9054437760713272,,,533326892168.42163,0.8911402850686195,554860945013.6195,0.8974473923135347
8,Armenia,0.2685750785578449,-0.7189367964955521,17.042359505645063,0.4089237192252734,,-0.686406472983644,33.14800494583549,0.9736752172671914,,0.681393090190686,480.488150777966,0.9650511831342724,,,10770355935.067707,0.3617151449257844,10546135160.030987,0.4291658605979791
9,American Samoa,2.5340465991817496,-0.730582847482016,,,,,65.04559270516718,-0.5969493879633601,,,,,,,,,658000000.0,0.5555470960995594
10,Antigua and Barbuda,1.5554626454964477,-0.3969905612891184,7.896707026482333,0.028257173864311813,,,41.700585383381714,-0.6279560708662222,,0.8660254037844388,2.7,,,,1423360296.2962961,0.6768413716301541,1460144703.7037034,0.6305483524824609
11,Australia,-0.4583681796763983,-0.2739460279309558,5.906273993600893,0.18842669614639962,,,19.25302662562876,-0.3061038893806139,,0.2635533918505181,1.34521397601947,0.3902294574745265,,,1180872033774.931,0.5167775181924545,1208039015868.3945,0.48988328632050004
12,Austria,1.088852143638121,-0.08176145619426853,,,,,52.261834040330726,0.42696359146841867,,-0.6546536707079772,,,,,390600751101.99677,-0.20653171899442685,390799991147.4675,-0.16451876349029443
13,Azerbaijan,14.671400631781452,-0.34097272621055336,1.4858334988112385,-0.5680154005170982,,,46.42764939131356,-0.7587476341300186,,0.100410822326587,1.59572157270424,0.7506375902543105,,,35375307388.60688,-0.04937033889170124,37867518957.19747,-0.11133527439183709
14,Burundi,3.8047346384442022,-0.34870534382233004,10.051178042340478,0.7072999691748254,,,6.240950905045348,-0.6588553512312336,,0.8401384464358452,1654.62666666667,0.9719217432095018,,,3006197953.402635,0.9790927430394388,3007029030.400097,0.9786090382263167
15,Belgium,1.584435879396068,-0.18748387120228968,,,,,82.9377757420786,0.6902549297068528,,,,,,,470934465749.40796,-0.39107251987063,467545548764.5713,-0.3258996806394006
16,Benin,-0.27999528550152775,-0.5348316036126596,5.59064883867878,0.7721645747090182,,,28.706235222956582,0.8551333050498744,,-0.103937353104475,593.008170424934,0.8844814749940821,,,8576363699.523886,0.8178983556258765,8573159696.611277,0.809562408444401
17,Burkina Faso,4.024129439847911,-0.4789216949968232,1.2217074701759176,0.18321735414708124,,-0.7905694150420948,28.544610698176363,0.8793394677781503,,0.4905073347877739,593.008170424934,0.8844814749940821,,,11150512471.689613,0.8330583922122264,11448781714.313118,0.8472919836648134
18,Bangladesh,6.727860071883526,-0.6108931035861059,3.449246140889296,-0.3619308628223388,,,16.649716881945185,-0.2357201981955609,,0.8824065442987962,78.4680916666667,0.8261407964621305,,,234168452310.22028,0.9836687335182489,221415162445.64813,0.9793008366734425
19,Bulgaria,2.2462240870876826,-0.6427243185666869,4.053182354570375,-0.1268254284684013,,,63.978714521103285,0.8436488639796664,,-0.8842691162722102,1.76804166666667,0.8839450787660097,,,53102319004.52489,0.4208531923406413,53240893665.15837,0.20411497109904275
20,Bahrain,0.08045731698209124,-0.6686986773051561,,-0.46219784933498564,,,73.96638876504312,0.20983744814728722,,0.6123724356957945,0.376,,,,30063031914.893623,0.9125957205504548,32152686170.212765,0.8990925010511079
21,"Bahamas, The",2.119688154249303,0.1617141068825453,,0.5069022105893842,,,35.80852789134034,-0.31283870466588354,,,1.0,,,,11525610000.0,0.9143459680798458,11838800000.0,0.8945777872683957
22,Bosnia and Herzegovina,1.4106495942354087,-0.3608389559980163,3.7742754423395577,-0.8178310520188539,,,35.4102498972007,0.9303887154813422,,0.8004796128434806,1.76813902429915,0.8844157066129278,,,16931844918.273853,-0.5253661289274041,16911088173.745829,-0.35635331173438556
23,Belarus,8.341921686038177,-0.22119731618348615,5.591629001668811,-0.46671210087935194,,,62.50934712319245,0.14139462704913647,,-0.5595940705515491,1.98956283333333,0.9659131680860855,,,45517177874.94974,-0.07449354548524752,47722657820.66747,-0.018145545266435574
24,Belize,2.838800333331079,-0.4727164289455248,6.808820944650493,-0.662497353041301,,,49.69311052600335,-0.42803901999604055,,,2.0,,,,1711607299.9999998,0.9793942467591503,1820158550.0,0.9858661155201962
25,Bermuda,,0.6932864809586756,,,,,,0.6154149242082771,,,1.0,,,,,-0.729801514350096,,-0.8917813340257915
26,Bolivia,-1.3548692426414704,-0.5958385600258103,9.434723470248114,0.053898740967071125,,,24.488005709998,-0.6795236495678911,,0.7905694150420949,6.91,-0.758050514656533,,,33320126193.92185,0.9892693320891963,33941126193.921852,0.9813283132996056
27,Brazil,8.144388499360588,-0.5920745133647926,40.645300334653335,0.19898964235703706,,0.0,12.494618845186565,0.2369466845930402,,0.9370858235992464,3.49131342157271,0.8640819207208961,,,1758526511894.5256,0.12327916000265886,1793989048409.2866,0.08115042459512352
28,Barbados,-3.13918397000036,0.7255706728701166,11.551816749649163,0.5272926383896925,,,36.40608957728442,-0.766863693909165,,,2.0,,,,4307600000.0,0.4568469613132868,4529050000.0,0.4900908205975567
29,Brunei Darussalam,-9.181007995387631,-0.5369613362213171,16.16512986032926,-0.4974206120131611,,,49.57777708235997,-0.8949858874629412,,0.9386679716361958,1.38134687688286,-0.18115381990782597,,,12235792369.506987,-0.05016043894741423,11400653959.83682,-0.14556448050772858
30,Bhutan,4.237309641962582,-0.062279675252769034,9.509733503374003,0.3208827653965316,,,29.717997028899788,-0.9732556548957343,,0.7905694150420948,67.1953128073894,0.9594545493873967,,,2029035810.5403206,0.9584235327517572,2212638830.3943877,0.9654291207783788
31,Botswana,11.957542486246368,-0.11437876262355773,-4.160097107185547,-0.35261617617746904,,,55.109717865582105,0.7371982399181677,,0.9512398731165076,10.9011545372946,0.9127895506481482,,,15394788471.787497,0.8419062717959611,15648700274.480421,0.845702429700699
32,Central African Republic,6.315285334616362,0.31489764386821495,,,,0.6123724356957947,12.729042974735039,0.6535743478345416,,0.6101602255436168,593.008170424934,0.8844814749940821,,,1757937215.5393465,-0.4555898049673274,1755468136.865561,-0.47737741436617914
33,Canada,0.6121684377131515,-0.7116206694619104,2.0751282819029857,-0.05093228374036286,,,30.96787727474151,0.02311970907284999,,-0.2041241452319315,1.32539963630667,0.7074595607698382,,,1515474989564.0037,0.23449636658388548,1535767736946.18,0.21962280000221532
34,Central Europe and the Baltics,0.9505549343852664,-0.6688947811539567,,,,,64.03777400744322,0.9451418464485976,,-0.11254231022778577,,,,,1263412900270.9607,-0.11827779922393301,1313066988021.626,-0.1120664315206622
35,Switzerland,-0.5661435340990835,-0.5148510490991615,3.2311028808055235,0.8954468430510788,,,65.81131267119737,0.3576404846894385,,0.43549018033709946,0.985394394244834,-0.5089050592741304,,,674973858370.4014,0.7583982651599178,668745279604.5321,0.7464710171420662
36,Channel Islands,,,,,,,,,,,,,,,,,,
37,Chile,4.725454631835092,-0.08412490799737636,0.8240040097707501,-0.6837488363548815,,,28.18355638418939,-0.961385896831328,,0.8385254915624213,676.957736044657,0.7245367801679857,,,240109491880.65958,0.7973547199473682,250036180921.0531,0.7662684745162724
38,China,1.1380176221168483,-0.7348751959674492,3.1758407504921813,-0.7272495035974706,,0.0,19.658377570703035,-0.8866825385677392,,0.8266918557770677,6.64447782944681,-0.4202205356834407,,,11154193694032.658,0.9885459225259651,11190992550229.514,0.9883692323128374
39,Cote d'Ivoire,1.5683484388158604,-0.6447953553560305,3.66910717606977,0.02785602574715466,,,29.358998147336656,-0.8937140906982759,,-0.6600082129554719,593.008170424934,0.8844814749940821,,,35328564439.94602,0.9543520567549141,36374849865.04723,0.9545328383174054
40,Cameroon,0.030554318552859172,-0.5783996469991166,,,,0.784464540552736,18.583480764197855,-0.6504891182103019,,0.7841719227718704,593.008170424934,0.8844814749940821,,,31581747048.903877,0.8749776149475481,32217537942.664417,0.8827684524794169
41,"Congo, Dem. Rep.",4.349249134576553,-0.10422498960100603,14.084034452229687,-0.5883045020754936,,,27.218984172451833,-0.3260691209524374,,0.9524234019002051,1010.30275716866,0.7981746186514048,,,34247296312.858482,0.9786933009100331,34991160099.74154,0.951824758035333
42,"Congo, Rep.",-5.527182490309073,-0.5928960881102548,,,,,57.08427917469891,-0.36948458032953224,,0.7821969345481359,593.008170424934,0.8844814749940821,,,7373144249.944605,-0.043483062448674586,7833508878.966598,-0.4098453551655045
43,Colombia,4.878311540769388,-0.3478293589455873,9.312812273975956,0.2629192640353875,,,14.757806581937546,-0.6081447004818948,,0.8778631431822138,3054.12167321081,0.7441394025641257,,,277349868330.59076,0.4198174520811066,280090999648.1149,0.3681488441848631
44,Comoros,6.943818353582259,-0.20537620938521256,3.3252802276613442,0.21858545354426595,,,15.942111720609617,0.6958191971084638,,0.8660254037844388,444.7561278187,0.8844814749940814,,,622005734.3750422,0.848160558735751,616654490.413179,0.8271084050300306
45,Cabo Verde,-0.8351781020256368,-0.46214459109625183,10.529767433561618,0.40146579378801717,,,38.48138396834956,0.6624267217094684,,,99.6881136363636,0.8787593059813377,,,1576237493.7152214,-0.2783026081408696,1638927335.6210978,-0.210780817724328
46,Costa Rica,1.7894285297654733,-0.8883794030787273,9.67603681797419,0.3318180974228885,,,32.7909017463891,-0.5726558634488356,,-0.8432993810941912,544.73936722902,0.22370946549115042,,,54457411161.74083,0.9723050898328738,56988989896.63682,0.978186159743486
47,Caribbean small states,2.119688154249303,-0.0061063265826522715,,,,,,,,0.6765727246104675,,,,,65892989876.13243,0.6704100034957743,67787681466.08113,0.5217429864816212
48,Cuba,,0.6632406199135935,,,,,,0.03780915277863484,,,,,,,,0.979012938754695,,0.9884442324937379
49,Curacao,,,,,,,,,,,1.79,0.0,,,,,,
50,Cayman Islands,,,,,,,,,,,,,,,,,,
51,Cyprus,-0.6844394354257162,-0.24536781001932498,,,,,64.71011191551723,0.9561085265286348,,0.8660254037844387,,,,,19840879756.63717,-0.898370528877676,20153871681.415928,-0.8933574387390527
52,Czech Republic,1.235923138267708,-0.2799767451225925,2.638710701396591,-0.6062747954547205,,,79.54110834569391,0.8914305663176642,,0.9536736127036031,24.4399166666667,0.8879477094329167,,,182805983381.01236,-0.46232430596313345,195305084919.13815,-0.5416024788058086
53,Germany,1.3292106986239958,0.49624180595701783,,,,,46.1192411062165,0.7655488941415037,,0.7727209524390027,,,,,3536579388511.9463,0.029505012219522737,3477796274496.8037,0.014564239565469497
54,Djibouti,-0.6740454709786263,-0.3749614734891305,,,,,33.71373579105754,-0.47351715699248764,,-0.6553937499118332,177.72,-0.8317043562942127,,,1777789738.3524642,0.9836376679861308,1764268468.9399052,0.9855550674589614
55,Dominica,5.875658730530887,0.06930783607394528,2.268549068093312,-0.1698655033794571,,,48.34686395327306,0.7989070755327666,,0.8660254037844388,2.7,,,,564112000.0,0.8957629008627066,581484037.0370371,0.9171031726147215
56,Denmark,-0.04644416354551595,-0.46396185828478603,,,,,53.584093027848525,0.5795764179385765,,0.7905694150420949,6.73171825724638,0.8830467761701716,,,314651908926.80524,-0.31070159064365305,306899653409.60144,-0.4198816910877568
57,Dominican Republic,0.8718938604983748,-0.7269007221285118,14.089427948902502,0.4934648033516205,,,24.92017833297195,0.6747816410745621,,0.8660254037844386,46.0779796067821,0.995077048462497,,,68147553487.56456,0.9921081586220173,72342967648.33543,0.9953012701411379
58,Algeria,0.8899038935001471,-0.8086245968729378,7.047381186927591,-0.5433017192222589,,,21.001758494032646,-0.9202257604357049,,0.8947398394945079,109.443066666667,0.9249432182968919,,,157479093702.5724,0.1237699280628085,159049096745.24936,0.14780980806254648
59,East Asia & Pacific (excluding high income),2.4803957109250803,-0.592845921474916,,,,-0.790569415042095,24.63136949607139,-0.8921039926743322,,0.9275158258936015,,,,,13462609505156.404,0.9853349905784589,13509334237575.908,0.9848191710499953
60,Early-demographic dividend,3.4600075463900524,-0.7139097341799874,,,,-0.790569415042095,23.97703435356159,-0.7755452108613315,,0.9663436237668521,,,,,10376659054360.16,0.917505807404076,10437433411218.34,0.9147683781734841
61,East Asia & Pacific,2.1232946718551915,-0.549956345042013,,,,-0.7844645405527372,28.262274795784315,-0.6486573397594049,,0.8550122586426644,,,,,22594455069551.375,0.9453397702893307,22512169652487.223,0.9443929692692521
62,Europe & Central Asia (excluding high income),4.232956056311082,-0.6354188951714794,,,,-0.7397857604400417,29.39286096960717,-0.3609016768197662,,0.9423310088494535,,,,,2873812174784.815,0.10990808320977934,2943297166689.134,0.10047368348053938
63,Europe & Central Asia,1.0240682553068439,-0.6684383799123955,,,,-0.7592441400431773,41.695943782104706,0.8195850631922379,,0.955725278249647,,,,,20161240537307.875,-0.24030643893239478,20280711671665.543,-0.23541052587375244
64,Ecuador,0.9094726898004382,-0.6541641502880526,,,,,19.67991107791501,-0.7722089050579428,,0.8660254037844387,1.0,,,,96763074800.0,0.9451793689792625,98613971999.99998,0.9493215654011397
65,"Egypt, Arab Rep.",6.2456631337744,0.17928063183242804,6.922011354915944,0.6642655929579111,,,10.345463940355797,-0.8708391222014549,,-0.7385686213637483,10.0254007885465,0.7645489776776678,,,328456133278.0379,0.761924322201994,332927833278.0379,0.7628096646858832
66,Euro area,0.7908985053691993,-0.3600406381832982,,,,,44.27379504556221,0.8578913105911072,,-0.6898794171977581,0.904035127950359,0.855422539729349,,,11951466776281.37,-0.6068214071998277,11934738646774.812,-0.6160535595062284
67,Eritrea,,-0.414825956382168,,,,,,0.7932097579720966,,0.8660254037844387,15.375,,,,,0.9935285083866457,,0.9936171846624949
68,Spain,0.28330421212987744,-0.1886274479278644,,,,,32.94660274898482,0.923785559364739,,0.8374392219606759,,,,,1236974057120.2722,-0.860336520652579,1237255019653.8586,-0.8741619403237721
69,Estonia,1.5926923934026291,-0.3129871447352732,,,,,78.9813617249699,0.5105772734916275,,0.7655318158241113,,0.99997519755093,,,22882960363.389698,0.6193416003637762,23337907618.51736,0.5399750282974087
70,Ethiopia,10.397942682009969,-0.5323065312513342,,,,,7.94801972649952,-0.9808598835095504,,-0.07486692457795532,21.7315472222222,0.9729250016447005,,,72758372763.8291,0.9714721133115248,73000980433.9486,0.9714946277981972
71,European Union,0.8720583497204757,-0.5906909322306053,,,,,43.15984808020838,0.8605159767773137,,-0.19997631761382742,,,,,16414079768446.822,-0.46174031400221843,16491855791194.871,-0.44398130369028566
72,Fragile and conflict affected situations,3.8047346384442022,-0.4892013177679915,,,,0.6123724356957947,24.14885908189149,-0.8109224677890051,,0.9880468239343422,,,,,715473737894.8032,0.7972727935205505,724091067411.0277,0.7553893552242077
73,Finland,0.7908985053691993,-0.4357510498914634,,,,,36.03277518503242,-0.5440678857828735,,0.8590641805916167,,,,,240560342486.98096,-0.4953010159356727,238677672281.61093,-0.4901567735598671
74,Fiji,6.535053832070119,0.2606063533062936,-0.6417889419639008,-0.8190142084534314,,,26.407256004087888,-0.5669859462433385,,0.7940493725063617,2.09468303571429,0.7432822894372528,,,4494868000.190958,0.9274754427863964,4671313314.555783,0.9296406657248109
75,France,0.18099521371254923,-0.3920538576590129,,,,,30.15546305968676,0.8407641340305146,,0.8660254037844387,,,,,2504683645572.1606,-0.6268079352911075,2465134297438.9062,-0.6077320372344137
76,Faroe Islands,,,,,,,,0.7927586873488552,,,6.73171825724638,0.8544097126565952,,,,0.5046673939367871,,0.6549882705717152
77,"Micronesia, Fed. Sts.",4.735830763565303,-0.1751518224216027,10.468403369221027,0.49372849862453266,,,26.619955347216507,0.6282493049766964,,0.6123724356957946,1.0,,,,384231800.00000006,0.9836388502992457,329895600.0,0.8895622049727349
78,Gabon,-4.2621047711807165,-0.9955626889035241,,,,,44.12798113252954,-0.7881096777084092,,0.7844645405527361,593.008170424934,0.8844814749940821,,,12926004440.063776,0.2546584353347296,14014278017.468523,0.05449501975525181
79,United Kingdom,1.9743426913072284,-0.3320196512592061,,,,,28.255228030607476,0.4496506482152718,,-0.758854367359081,0.740634463697084,0.7804294569762006,,,2587657061532.371,0.15631014051039377,2650850178102.1426,0.2727612205841402
80,Georgia,4.189155708959419,-0.5084129193628084,8.092743338145914,-0.38359308447204477,,-0.6123724356957945,43.604243333759385,0.958178158306233,,0.2645834440834615,2.366725,0.8627076977843582,,,13664927029.196774,0.5365461139115048,14378016732.158703,0.6198574549641586
81,Ghana,17.809090653909365,-0.3295035706530579,,,,,41.08036999051055,0.8548195105396631,,0.8355099778440251,3.9098,0.9558552813975624,,,41755433551.58832,0.7915198179804077,42803583022.14947,0.786219837228871
82,Gibraltar,,,,,,,,,,,0.740634463697084,0.6801190045285186,,,,,,
83,Guinea,7.135098365984518,-0.16392167042777972,,,,,29.429031110280047,0.5088960036342239,,0.6123724356957946,8959.716125,0.9514660182048443,,,8711174872.621624,0.9247953060461257,9275886117.430424,0.9324816394701758
84,"Gambia, The",7.140456267013079,0.9037958467196785,,-0.3621083147937406,,,22.96222664015905,-0.1623976985681285,,-0.24020966563166976,43.8846335946905,0.9884687553617844,,,935041278.4340923,0.17222766705026918,962797146.4960077,0.1633372932445026
85,Guinea-Bissau,6.0963996749360945,-0.2933580818632579,-0.7553504901122607,0.06997763780658267,,,26.508114298770558,0.6410160831889835,,-0.8660254037844388,593.008170424934,0.8844814749940821,,,1207921291.191562,0.9059637858051394,1178204501.440594,0.8829008943749957
86,Equatorial Guinea,-6.353140872100013,-0.5076193476886632,,,,,51.31464680245102,-0.9327786732993536,,-0.8660254037844388,593.008170424934,0.8844814749940821,,,8735542478.313396,-0.3239137837547815,11259559879.052021,-0.44781491550962754
87,Greece,-0.9563052209068843,-0.6436290934880585,,,,,30.458732552658045,0.8986755870929117,,-0.8660254037844387,,,,,193712119347.6633,-0.9725382810695523,192690813126.86044,-0.9697474906946021
88,Grenada,2.172025181328337,-0.38738930225888224,6.325581593593353,-0.11564814169085304,,,56.103953376452274,0.818454587794528,,-0.2556584042987409,2.7,,,,1020706666.6666666,0.907797152342902,1056188592.5925924,0.8905470789249631
89,Greenland,-0.2175572214044763,-0.09320744887804695,,,,,38.980966550097996,0.6244099078615978,,,6.73171825724638,0.8544097126565952,,,,,2705891616.975737,0.5710000770605173
90,Guatemala,3.698831785268311,-0.635217248251697,9.067445331369855,0.5594656452027106,,,19.542102139576556,-0.8367188799459575,,0.7809588324785082,7.59993708333333,-0.6144375638811849,,,67075922630.56093,0.9859805655838533,68663653469.1246,0.9864888268822687
91,Guam,1.3331105440110207,-0.28201137928184544,,,,,19.402727429656483,0.017443896321531826,,,,,,,,,5793000000.0,0.9930580702082551
92,Guyana,7.123330181326892,-0.41273289961856846,5.485891643515666,0.38143008861642425,,,45.8444320677298,-0.6183011025611612,,,206.5,0.9384477327952075,,,3499384987.8934627,0.9889377991414335,3504024213.0750613,0.9908566719935753
93,High income,0.8458704336253717,-0.41819883108411154,,,,-0.6123724356957946,30.34122473841426,0.4860669396773132,,0.9257240983847324,,,,,49625398185162.445,0.7639779872652818,49281856158945.94,0.7594101924953014
94,"Hong Kong SAR, China",1.6579798855846661,0.3684938175956298,3.2875137969264676,-0.5011592084218525,,,186.9989513308302,-0.03432382938904048,,-0.7378040652569471,7.76225,-0.5270475718185038,,,328944900351.6999,0.9812452204037612,320881182123.85504,0.9914431814177541
95,Honduras,3.4665469143152876,-0.44791342768687836,15.333837578913462,0.5803841493819194,,,42.61093765712277,-0.30057076453801296,,0.9622981374635212,22.835025,0.9496006104080846,,,20125703159.96882,0.9886390981083567,21643936938.90957,0.9914468377897473
96,Heavily indebted poor countries (HIPC),4.891522296743773,-0.5494290593681892,,,,-0.7905694150420949,24.328768879634474,-0.6557293799690785,,0.9833149688207987,,,,,631685918462.199,0.9846954183467166,652175948756.2649,0.9784781388085741
97,Croatia,-0.08434969209871213,-0.6703874524402194,,0.5056043076890493,,,49.01296771700867,0.9615792654022457,,0.9220107477178644,6.80599016666667,0.9172191598446962,,,49677970702.32148,-0.857892560600485,51338524831.03144,-0.8644334656216776
98,Haiti,11.962283961371469,0.3139596463860648,1.1345035075086312,-0.5370458145391687,,,20.721844010540053,0.9088893584130564,,0.8750199742047441,63.3358183698924,0.8231233226701311,,,8065722592.880924,0.8593838032068516,7970649131.234161,0.851492648501672
99,Hungary,0.9592843669755666,-0.5180056575017762,1.1190518556481812,-0.8653607393418905,,,89.53683365932324,0.8764844438589405,,-0.8991535501986139,281.523333333333,0.9451975095150889,,,118779063902.34096,-0.3899470702347863,125816640420.56918,-0.4311563262825862
100,IBRD only,2.686677594591309,-0.7087295174599582,,,,-0.7844645405527362,24.931618033292224,-0.8110444628759171,,0.9505843431766169,,,,,25695238342989.37,0.9086208711554432,26025458644283.527,0.9048824878137537
101,IDA & IBRD total,3.54995437333924,-0.663761072806845,,,,-0.7663147860437876,24.486907982669567,-0.8167287539329557,,0.9804192365322902,,,,,27679760939648.6,0.912172606906359,28005663818401.168,0.9075587207828184
102,IDA total,4.168650698659306,-0.6096613709574302,,,,-0.7267486214274123,17.808096221614747,-0.843780795000477,,0.9844264617535121,,,,,1993792129777.6248,0.9409878099663597,1988820003334.3818,0.9288751092267522
103,IDA blend,1.7166359354672593,-0.5983077560822966,,,,0.784464540552736,12.566063722265547,-0.9211968738791971,,0.9823101014492129,,,,,928599391344.0851,0.8444417580451617,924035470840.1688,0.8237132366575264
104,Indonesia,2.4803957109250803,-0.7949207814630086,9.180231552721516,0.6036720369627919,,0.0,19.12095185181005,-0.8676146530307554,,0.7568661861646375,13308.3268020542,0.8442186972948496,,,902416517799.5781,0.8377732124316282,932256495234.247,0.8439991877273771
105,IDA only,4.401184249058915,-0.6157538275634921,,,,-0.7426791871354611,22.246067998565913,-0.13840477111017035,,0.9820504133255,,,,,1060156492331.5181,0.9915437982493307,1060271611687.8942,0.9871027296951566
106,Isle of Man,,-0.4198920961074185,,,,,,,,,0.740634463697084,0.6801190045285186,,,,0.7874012348557071,,0.8918369645775494
107,India,3.463897721599608,-0.8340520898703466,6.000742689113147,0.5600681208479447,,0.0,19.314922394212402,-0.565153629060746,,0.8309227129860941,67.1953128073894,0.959454549387396,,,2247940078566.4507,0.9694126818172508,2274229710530.0273,0.9715775608871421
108,Not classified,,,,,,,,,,,,,,,,,,
109,Ireland,0.02073244196003543,0.12114241191393457,,,,,121.58235507794653,0.9445836430358624,,0.8928602005324546,,,,,251916890349.53674,0.6214006325079864,304819018067.1071,0.6972330626155849
110,"Iran, Islamic Rep.",1.6072119053546885,-0.36696706360271164,16.133488742821623,0.5373577857242767,,,22.40402820718319,-0.47594901439033444,,0.8809291665564305,30914.8524362967,0.9518614682812461,,,420280525024.6902,-0.18196567655176554,418976711586.86163,-0.1873196444159308
111,Iraq,-12.917209054548195,-0.4541021325703008,,-0.07242912102657924,,,32.52166098642156,-0.7154532986236881,,-0.7905694150420949,1182.0,-0.04505231109203243,,,170089001692.04736,0.5577485593444169,171489001692.04736,0.5913386138378868
112,Iceland,2.113044654264627,-0.7701702134279748,5.996904737426508,-0.19307123245911628,,,48.37753985259593,0.11709633939506628,,0.5844412559028944,120.811548065239,0.29709817031730945,,,19826589745.43173,0.8707345232543,20304098101.411472,0.7321136929064113
113,Israel,0.8432942454274581,-0.6776542218054036,2.555312693434012,-0.026431179965541826,,,30.267289365379746,-0.8253660933268154,,-0.7985283681911813,3.84056666666667,-0.005683451850863087,,,313915593150.3161,0.9717553580978123,317747542489.38934,0.9729573869877987
114,Italy,0.8484466218232853,-0.6621475470158249,2.625444549257368,-0.5210557476024078,,,29.8015328373315,0.8533403957632697,,-0.8171853743780388,,,,,1863534223299.0173,-0.8323095007500108,1859383610248.7178,-0.8426660946126745
115,Jamaica,4.5953855890771536,-0.7835325228901756,11.370617799636129,0.640360953018297,,,31.36650536922026,-0.6055989583612175,,0.9049538685360007,125.095035150276,0.9666554718570977,,,13463163773.13242,0.5675916329386436,14056908749.350494,0.5960423781252179
116,Jordan,1.007517543773659,-0.7162324510264797,7.036587601656645,0.5432996875974203,,,35.14246806032695,-0.9309167546334717,,0.7905694150420948,0.71,0.5222329678670936,,,38350502394.366196,0.9967004452099412,38654727746.478874,0.9948032266910587
117,Japan,0.27355773811197537,-0.7477151490202991,0.7690883611631462,-0.8000159101666763,,,16.11915256837364,0.43382120179672834,,0.8158765966955079,108.792900046834,0.595614470417271,,,5107492306582.467,-0.4439162948570708,4949273341993.877,-0.4668119111445649
118,Kazakhstan,13.63843361673392,-0.4925019602672554,,,,-0.7905694150420948,31.84388864228361,-0.8676556948444935,,0.9111101053204121,342.16,0.8564965715074833,,,124342723287.35094,0.3733388356061474,137278320084.17114,0.30644172631670374
119,Kenya,8.13361700375728,-0.49495207507292227,7.792223987110733,0.2783187219225871,,,13.971218534802931,-0.8778359115210016,,0.8660254037844386,101.504369498594,0.9548761798221909,,,70191423010.56615,0.9897218321247422,70875289605.38037,0.9893276109447647
120,Kyrgyz Republic,6.050564291497508,-0.5692873074315561,17.426879252054405,0.38888815555663453,,-0.6123724356957947,35.82540887516921,-0.9400506264793832,,0.9317545021958245,69.9140658252997,0.9509430692114585,,,6457502673.99566,0.8584993638973063,6813092065.835074,0.8506297972747989
121,Cambodia,3.456117371180497,-0.47079300182299033,,,,-0.7905694150420948,61.28152492949764,0.3986953533567704,,0.8777829228285127,4058.69457885305,-0.45278022757109804,,,18788293249.755722,0.9876220560247092,20016747754.019234,0.9872159057083404
122,Kiribati,7.251723491731738,-0.04755763402026469,,,,,11.096411436919768,-0.9176459224326399,,0.8660254037844387,1.34521397601947,0.3902294574745265,,,323909530.18138564,0.9516042340830507,181551516.5031222,0.7953854772916006
123,St. Kitts and Nevis,1.3558019436886468,-0.294253116266347,7.768867598409516,0.21816629040043714,,,56.985806645953815,0.8933613624949283,,0.8660254037844388,2.7,,,,884225000.0,0.9441189214420309,909854629.6296296,0.9301519021920441
124,"Korea, Rep.",1.977968550584876,-0.4379185768322038,1.3625800446552987,-0.5376099233363022,,-0.6123724356957945,42.28420147327362,-0.5121947022042593,,-0.8172265735464281,1160.43343500797,-0.27373985660893785,,,1418615579317.1758,0.9574897357905253,1414804158515.258,0.9599850609483493
125,Kuwait,-6.133643628686883,-0.41849930320919954,11.303546203549928,-0.14964758961097602,,,48.232288564044104,-0.4546164095867058,,0.8055999478026753,0.302137441178496,0.81097311844761,,,124178748758.68918,-0.030482571650876297,110912280701.7544,-0.12687229652905913
126,Latin America & Caribbean (excluding high income),3.5826893497917993,-0.6698522734266735,,,,,21.202817187321592,0.45157438384165677,,0.919283291434542,,,,,4137638829816.7974,0.39932302563795846,4263791849337.8647,0.41258311076465803
127,Lao PDR,3.022521019547412,-0.9056445815541807,,,,,33.209396762702234,0.14320864693648164,,0.5536661895264676,8179.26833333333,-0.45420024772540285,,,15126206069.141907,0.996147977394789,15805707154.232853,0.9969060325758852
128,Lebanon,-1.6842060851503078,-0.5658999866623741,10.084042136441376,0.4608113641408892,,,25.49447521245259,-0.9411893128106876,,0.8782462843409119,1507.5,,,,48715375982.155876,0.9732721937164639,49598825982.155876,0.9703249876074874
129,Liberia,4.973579234317455,-0.6123317810895049,8.20818040932886,0.5589730781586283,,,21.41837220371252,-0.04896763652370528,,-0.8660254037844388,94.4272435897436,0.9285496215610904,,,1820000000.0,0.9551267839860433,2101000000.0,0.9601408488083872
130,Libya,14.00464120015539,0.10484427167726469,,-0.7441049608025273,,,,-0.6002298390733314,,,1.39036867889833,0.8736967794800045,,,33008665127.025913,-0.6619218696463669,32257171354.079407,-0.6572580102567794
131,St. Lucia,-0.556805178190146,-0.6751803308345335,9.0798623217703,-0.6842770770332318,,,,,,0.891163807799008,2.7,,,,1548917703.7037036,0.9682283737474162,1667078703.7037036,0.9854682911698838
132,Latin America & Caribbean,3.1730233046000293,-0.6682124090934948,,,,,21.50318534332933,-0.4189191742884636,,0.924667460017043,,,,,5160126104478.041,0.5453587844818831,5360659105919.659,0.5570220997357972
133,Least developed countries: UN classification,4.349249134576553,-0.5299990578640713,,,,-0.7960029457578487,21.008231358007105,-0.7479357273033465,,0.9919799223772193,,,,,926919384787.6788,0.9837824598873296,929671974133.3271,0.9746814286455764
134,Low income,5.097558897261067,-0.587218768897233,,,,-0.8000946913656629,20.11543805924366,-0.6802589742785913,,0.9567017686954977,,,,,505451202510.27313,0.9460599663763831,501779518531.2432,0.9197212464721446
135,Liechtenstein,,,,,,,,,,,,,,,,0.6746715619502462,,0.8845144263951984
136,Sri Lanka,4.080132361002768,-0.548857463809498,6.161791714566894,0.14157444926317084,,,21.332843840231146,-0.2225696631859101,,-0.474341649025257,145.581667492026,0.9575924571122714,,,79581618354.16953,0.9590400400219666,81788375089.98488,0.96329114239224
137,Lower middle income,3.555517528221614,-0.6307970478947648,,,,-0.6123724356957946,22.823611731055834,-0.777912492462151,,0.9903819193038106,,,,,6022442090698.726,0.9615812704787736,6036798782954.654,0.9576254671293892
138,Low & middle income,3.6293583800685525,-0.6557256696531549,,,,-0.7653574925815967,23.882854038879206,-0.8253940607089131,,0.9821818452863145,,,,,26388543420340.914,0.914600219914193,26663561044210.523,0.9100362982909282
139,Lesotho,2.9495586578899946,0.07282384909164932,8.379127397825123,0.13709203135708448,,,42.24540313477887,-0.5266996481731422,,0.9203709015496818,14.7096108855267,0.879400620822374,,,2591115604.395163,0.1821865263376366,2291319971.843996,0.5597376391921253
140,Late-demographic dividend,2.113044654264627,-0.5959900714792908,,,,-0.7340252743933802,29.59974952491719,-0.7408474357447562,,0.9717799644735718,,,,,18172878758640.543,0.9106989406085901,18467589315232.113,0.9071951566282003
141,Lithuania,0.9505549343852664,-0.6358940720041047,,,,,74.45144832573092,0.7445358199081759,,-0.8792003816177456,,0.7297468916983841,,,41086114080.7789,0.26372386056967134,42773029835.32217,0.32452801478623533
142,Luxembourg,-1.3093890490241336,-0.5024395035966677,,,,,221.2677755440797,0.9048876876350443,,0.7905694150420949,,,,,39875552271.65848,0.09429750956756537,58631324559.44844,0.6450806678076414
143,Latvia,0.2739653875440098,-0.8505500989635345,,,,,60.04198812811735,0.8022452288472377,,,,0.7484400955118408,,,27506133590.6025,-0.14719315185820958,27571513793.398388,-0.06005942033863216
144,"Macao SAR, China",0.8851145596651833,-0.3781549888847145,4.376151486375904,0.027853878266500064,,,76.07221233075235,-0.2895036754630135,,,7.99506425,-0.5191974735076751,,,41505897362.13431,0.9112393997256354,45310877912.72154,0.8565243560892423
145,St. Martin (French part),,,,,,,,,,,,,,,,,,
146,Morocco,2.201590641179436,-0.21380526458721005,,,,,35.090279780222595,0.49443132406639656,,0.790569415042095,9.8074760315025,0.8901992136211608,,,101718378791.74103,0.8123333141997132,103606321692.58221,0.8222552842451529
147,Monaco,,,,,,,,,,,,,,,,,,-0.5059774634315769
148,Moldova,5.714210014167492,-0.09987748774116598,8.099020258527377,-0.5910027584164932,,,43.33028058228764,0.5249551144718283,,-0.8945824967334267,19.923827563342,0.9024437749480687,,,7258874963.61136,0.6078620400719225,6795741776.167197,0.6773810648614165
149,Madagascar,6.680803450741777,-0.40337321400426945,49.980122781768834,-0.24980982394436732,,,33.49671987063624,0.9358047471822001,,-0.8018304810643526,3176.53916666667,0.947784158866553,,,9593697060.184242,0.6930315190284027,10001193315.196615,0.7643885795318417
150,Maldives,-0.7190078269990039,-0.7130275187191011,11.566926075085561,0.7764000413536767,,,74.53753913749345,-0.2785046630571796,,0.9050238761302264,15.3684076818158,0.853696972474352,,,3871766924.5836782,0.9878482315802342,4222767412.6520333,0.9879376128493457
151,Middle East & North Africa,0.8665990694638026,-0.7699422858011347,,,,-0.6123724356957946,37.63503208892903,-0.6958678092529833,,0.975315619476923,,,,,3158383787798.205,0.6273808852778671,3142484003145.083,0.6042941747896748
152,Mexico,5.362774773402791,-0.0785057933874655,-0.6116405357161673,-0.4692836646303112,,0.0,37.122413357205126,0.9572178623084198,,0.7571151681360839,18.6640583333333,0.8540255081291775,,,1039965335108.5774,0.3216792897388951,1076912039691.1718,0.41150560179456364
153,Marshall Islands,6.206966283926761,0.03153377730278485,,,,,27.54101715237028,0.2579525791173629,,-0.6123724356957946,,,,,259517499.99999997,0.9855837405559452,194497900.0,0.9143620540763812
154,Middle income,3.022521019547412,-0.6338005364530246,,,,-0.7505850279980341,23.945314719638986,-0.8259893557091623,,0.9904983633463423,,,,,25880545467763.707,0.9138469331308544,26157827164876.66,0.9096415141259026
155,"Macedonia, FYR",4.232956056311082,0.056542583214690315,2.284022519409364,-0.5925720027996262,,,49.97269908379127,0.8192325869270843,,0.13914915317112161,55.731725,0.8883316331469507,,,10321509374.3776,0.6323736459077748,10745787406.449114,0.730520661461154
156,Mali,1.5303652903961336,-0.6194701366146096,3.7078904412845244,0.6342871364515962,,-0.6123724356957946,22.913767861775707,-0.19024322772349395,,0.945909844224679,593.008170424934,0.8844814749940821,,,13660495503.772123,0.9357759478769845,14034980333.661491,0.9292418847799617
157,Malta,1.628421333290703,-0.4930235586995842,,,,,136.10912059784047,-0.42117184464872,,0.7745966692414834,,,,,10635990707.964602,0.9198067578655019,11279535398.230087,0.9291579651200511
158,Myanmar,3.555517528221614,-0.361473266046243,9.12021174458862,-0.11041174726533272,,,17.092432209045647,0.8901378628319674,,-0.8660254037844387,1234.86951666667,0.9538410184973566,,,61139893961.55574,0.8505219523359143,63225097051.25499,0.8759050341470428
159,Middle East & North Africa (excluding high income),1.391411253475404,-0.5627677165715455,,,,0.0,22.931566002610147,-0.8680922551609022,,0.9772051465823933,,,,,1445437363794.7903,0.416799434041414,1444678670901.9597,0.40728437132664924
160,Montenegro,5.1010861026962,-0.17437435458220418,2.7312568027751665,0.06968135046724151,,-0.790569415042095,40.46093610512734,0.4885942023055261,,0.840473288592332,0.904035127950359,0.8844814749940816,,,4432628429.20354,0.34889363058286393,4374130530.973452,0.2695721527663901
161,Mongolia,2.1232946718551915,-0.49209314892314593,17.251931105201045,0.08820543635304927,,,50.21566503023549,0.11879693808842628,,0.9375318614018144,2140.29086406116,0.9230848682344597,,,10426766277.331741,0.7448101826812495,11183458130.808294,0.7844920956937615
162,Northern Mariana Islands,3.5090962539132278,-0.42535868583361075,,,,,73.59098228663447,0.7594434425371434,,,,,,,,,1242000000.0,0.512305753182459
163,Mozambique,12.260395732888611,0.3893863810311626,7.941899265054167,0.1062784919110972,,,36.67764223934496,0.8249104409120799,,,63.0562327310371,0.8156560507184667,,,10754179790.382797,0.3514713891293318,11014862241.734217,0.348510654408767
164,Mauritania,4.099991755356001,-0.35334850575529797,,,,,37.15047167206487,-0.46546609549301393,,,35.2370833333333,0.9794366773052818,,,4622785899.945466,0.5875990814820807,4739298311.392348,0.584292887427396
165,Mauritius,2.1848988962058797,-0.6127666667322896,6.180072762227494,-0.21653995144174495,,,44.58385564615367,-0.6306067361350631,,-0.7774472533363537,35.5418833333333,0.7673642947407031,,,12167863845.208052,0.8759970185763513,12232463655.57272,0.8839285286418066
166,Malawi,19.544132137268136,0.5387337319482721,20.551365221217797,0.7274906339465532,,-0.6123724356957947,32.96691831476948,0.7428919550617229,,0.8661546331276476,718.005,0.9518290278403496,,,5292835668.4603405,-0.18583408151769742,5433038646.516767,-0.13214662552362216
167,Malaysia,1.9512063476409054,-0.6810700626995587,2.543485980118002,-0.8235128634102543,,,67.66721945826424,-0.957557943941272,,0.5433053679944331,4.14830066287879,0.6917867277265736,,,288185521780.0063,0.7460822870302543,296535930381.12,0.7365614488341072
168,North America,0.9439842384605655,-0.05662164699048943,,,,,13.621951456854163,0.2069234582091919,,0.8023574817704454,,,,,20491874445646.555,0.9872546660002006,20166305457752.027,0.987654573513355
169,Namibia,10.00843323241483,-0.10565495892381266,-0.1490800614041404,0.07502574155486672,,,41.13809334353856,-0.9407996347892928,,0.17064761419614718,14.7087666666667,0.8787044739872868,,,11054062873.925814,0.7212211404707088,11309232187.533993,0.6901258429899818
170,New Caledonia,,,,,,,,,,,107.880048678034,0.8554225397293503,,,,,,
171,Niger,0.24041618880019655,-0.8881183786136175,5.042460918836996,0.7427316822374271,,,16.167543960469725,-0.4460368552321575,,0.8247969663012945,,0.7710947911920536,,,7443571123.880087,0.90615652569089,7606749314.0400305,0.9091047640156286
172,Nigeria,9.54367007033214,-0.3874740228451947,6.685324922927746,-0.22276920821321322,,0.0,9.218109698476232,-0.9180375079575487,,0.8634120780830986,253.492,0.8515492775196929,,,395953768511.18384,0.6427367156503893,404652720164.898,0.6162299892225453
173,Nicaragua,4.891522296743773,-0.5968335033843581,6.241472151119853,-7.341765186487807e-05,,,39.10199157914437,0.3813509687474927,,-0.7664063157207797,28.6209624101587,0.9981021939144185,,,13218489517.673204,0.9876524298652173,13184989877.566423,0.990397186699249
174,Netherlands,0.5840578007688038,-0.2830835590605527,,-0.714464298281526,,,82.44850499757345,0.8669844214313989,,-0.6123724356957946,,,,,767924805725.1604,-0.6802657781339035,777227541581.3071,-0.6745191354723293
175,Norway,-1.1140699693041398,-0.7432351097754515,,,,,34.13664023981788,-0.8448615146580131,,0.8893232331653728,8.4,0.8156900759347037,,,388918214285.7143,-0.16209360225747427,371075238095.2381,-0.2741812221677923
176,Nepal,5.0717428800443685,-0.5191592966873022,,,,,9.492543967517722,-0.3998810465005128,,0.9238925105488479,107.383815174654,0.9589080707593396,,,21451717094.85209,0.9589975056023733,21131983246.18554,0.9546189308398102
177,Nauru,5.69525985667147,-0.9430025692675024,,,,,48.81804564907276,-0.8821704728845123,,,1.34521397601947,0.266637377489304,,,127975540.51102862,0.9060728447321021,102060129.57705468,0.8785992394196501
178,New Zealand,3.175180995960261,0.053130771820790734,,,,,25.81772177968034,-0.8758918147421247,,0.27607881518711636,1.436525,-0.1814678723595275,,,178374201632.41153,0.8916439445169938,189285950470.75406,0.8933423826768446
179,OECD members,0.8720583497204757,-0.5586150431171408,,,,-0.6123724356957946,27.94324166347296,0.6700179404919409,,0.8485886582615254,,,,,47999751383319.74,0.7286469521208855,47658224273925.74,0.7238992860739238
180,Oman,-7.974364515044584,-0.6920036222660122,14.002019959410616,-0.4350462996906,,,41.220907604888296,-0.27898606956090305,,-0.3555285645684319,0.3845,,,,64868660598.17945,0.6516807297419465,66824447334.20027,0.5971706650754603
181,Other small states,1.610556863346666,-0.6414860092702499,,,,-0.7905694150420949,55.04753503920471,-0.05370018272956511,,0.9644762127503067,,,,,355823403840.2455,0.6924009095752041,364419151281.06256,0.5712052406840994
182,Pakistan,0.4002374501452124,-0.8013186217109126,8.321456962692375,0.33835554774741766,,,9.145726939117713,-0.7650846124973428,,0.8302580412240753,104.769117033301,0.9527881366282871,,,295741186031.8239,0.9883432069023528,278654637737.6899,0.9862866664566466
183,Panama,1.3951770855071572,-0.7802090050365666,6.050408994620432,0.653756152843073,,,41.380082687931655,-0.8674625499616917,,0.9668166906266856,1.0,,,,50325999100.0,0.9909352065762909,57820916599.99999,0.9956212177244107
184,Peru,2.879499694884771,0.02889495357622018,,-0.9712464599442767,,,22.438207614992507,-0.7902285724886422,,0.8660254037844388,,-0.8781416444739247,,,183682261266.33282,0.9053591880653239,191639655121.3297,0.8853648434473376
185,Philippines,1.6990961938974465,-0.6879078640463193,3.877029348014151,0.25048177186286474,,,27.966586978934878,-0.801034847866279,,-0.4138806307834346,47.4924638585099,0.4185569978787439,,,367012438115.7404,0.97946888063975,304889079564.68066,0.9800324441346603
186,Palau,3.220572654611857,-0.3800598588824513,,,,,54.04133071776063,0.4302014054843337,,-0.7717436331412899,1.0,,,,289338800.0,0.9484664622717817,302699800.0,0.9296061612585115
187,Papua New Guinea,7.111074889879006,-0.7131597588025375,1.5394534242292417,-0.15061954973468802,,,,,,0.8232393065338761,3.13302930185604,0.39565495091202574,,,19120500588.53926,0.8409564843378117,19904808311.62266,0.8230761587138052
188,Poland,0.4162495869694851,-0.724098776243057,,,,,52.25985493670899,0.9928973074157696,,0.8660254037844387,3.94278333333333,0.8902934934912288,,,452747539819.41766,0.03213282725426368,471400273917.0133,0.10761325683201571
189,Pre-demographic dividend,4.099991755356029,-0.44540231352383525,,,,-0.6123724356957946,21.587760732425973,-0.8851074987333906,,0.9881064005495008,,,,,1171065195913.4177,0.7808134344719898,1207093555741.686,0.7543123504568447
190,Puerto Rico,4.55828798533922,-0.49444418668275886,,,,,68.4119027557612,0.0735726062683903,,0.8660254037844387,,,,,70134500000.0,0.970242912310494,105034500000.0,0.9601644788926965
191,"Korea, Dem. Peopleâ€™s Rep.",,,,,,,,,,,,,,,,,,
192,Portugal,1.5176493352186782,0.19615336215299953,,,,,40.12871296554975,0.9224601314080778,,0.7905694150420949,,,,,200257603275.28,-0.8203381069401169,205184480409.02405,-0.8521628089842
193,Paraguay,5.279240561999927,-0.3204334224532898,12.153978209863997,-0.27872148722331863,,,41.74853295977471,-0.9364743255971621,,0.8087978678374454,5670.51743118687,0.6500108184742152,,,25952346408.646835,0.8624052028899534,27424071373.050144,0.8639164548221806
194,West Bank and Gaza,1.1756106015961194,-0.4581013283561841,5.262522624518643,0.35778730915818396,,,17.73464325882449,0.6877383278163893,,0.8428796269542652,,,,,15321900000.0,0.984516226885027,13425700000.0,0.969835155056995
195,Pacific island small states,3.6293583800685525,-0.4421965601516017,,,,,27.298866442293875,-0.48116542771610166,,0.8585683175140587,,,,,9048797174.391527,0.9520645134967636,9027150901.337492,0.9421138668073713
196,Post-demographic dividend,0.9505549343852664,-0.5090680712017465,,,,-0.6123724356957946,28.75900985261915,0.554061093269957,,0.23174482125536214,,,,,45701022811437.57,0.7384980829349235,45257369047361.27,0.7310702058917674
197,French Polynesia,,,,,,,,,,,107.880048678034,0.8844814749940825,,,,,,
198,Qatar,-9.417458816461206,-0.5703449051697107,14.857326348966918,-0.1162839714177623,,,47.48857953777537,-0.1315069668237524,,0.8977584024968698,3.64,0.0,,,151342582417.5824,0.6900160051102688,152451923076.92307,0.6020764317397705
199,Romania,2.0518541479201247,-0.547532005309736,3.5837786087114214,-0.9564479937952469,,,41.33473987652257,0.9124492316428612,,0.8660254037844386,4.05918333333333,0.9331550891677827,,,182863962455.6563,0.21777867876545998,187805922349.2314,0.23586861975378828
200,Russian Federation,3.544391218456866,-0.4941088750259742,8.744019843406605,0.9223417977458606,,,25.698976925531063,-0.7317384732224169,,0.9373585547022751,67.0559333333333,0.8636360458189714,,,1249210702173.858,-0.04173760337627225,1284727602173.709,-0.04498575705566793
201,Rwanda,5.495377151499682,-0.518953314572458,11.182947782847098,0.5396885907237772,,-0.790569415042095,14.926954588037786,0.8671218644673142,,-0.8660254037844388,787.251521702333,0.9686304989877976,,,8264821343.623988,0.9852981648296616,8475681532.521691,0.9870153449100929
202,South Asia,4.158721001482675,-0.7372105679077655,,,,0.0,18.134845597098515,-0.592141393548415,,0.955178352539006,,,,,2904473877300.3257,0.9796715154990757,2903124297500.266,0.9805853914069558
203,Saudi Arabia,-3.0464309870383772,-0.7254339001195066,,,,,31.144197689820864,-0.8304217038404302,,0.9611435954130106,3.75,,,,662241450880.0,0.663813929501506,644935541446.4534,0.6487486882555019
204,Sudan,-2.7453362272574253,0.648109607953176,,,,,9.828851761939017,-0.8268693308323188,,0.6123724356957946,6.21171364583333,0.9723720259148574,,,86599448309.17876,0.8430439000973383,95584380032.20612,0.9532324793805262
205,Senegal,1.1135054321247395,-0.7114090631458028,4.135446150348536,0.1335170063846865,,,28.971535067812333,0.7429741295327578,,0.47434164902525683,593.008170424934,0.8844814749940821,,,14185608848.615868,0.7082125430977616,14683747153.664028,0.769844837502799
206,Singapore,-0.03646712377378947,-0.23863642640398813,5.388432129988096,-0.1249699231011332,,,168.1919704406331,-0.8614440889527791,,0.7905694150420949,1.38154636363636,-0.17628010961843493,,,293765110387.26025,0.898430345183075,309763879840.7528,0.9139875756826862
207,Solomon Islands,3.6293583800685525,-0.7319729636903959,6.243869343399355,0.6534114051102181,,,,0.3139689981966129,,0.9297768670862554,7.94815293778867,-0.06804924722559581,,,1160891774.2381923,0.9510647884481125,1232699140.371635,0.9527469081425529
208,Sierra Leone,1.7756224707853505,-0.12689299700575943,15.982259603030682,0.018410218322218685,,,24.914093257455942,0.6234466090813114,,-0.6132881697255707,6289.94008459514,0.9230544004785033,,,3171081605.063646,0.5564143522802455,3556036534.571338,0.6671880562922682
209,El Salvador,0.6243928359770194,-0.6690937761104281,,,,,27.865032649091344,0.5272037373075489,,0.7860261081681219,1.0,,,,25572070000.0,0.8700794290031542,23912227500.000004,0.983656429319052
210,San Marino,0.6529494310784685,-0.5076955085443745,,,,,,,,,0.904035127950359,0.8844814749940816,,,,,1590707964.60177,-0.9156034956491433
211,Somalia,,,,,,,15.108155388652984,-0.27103478446893914,,,,,,,6722653098.645152,0.8739848520655906,6752653098.645152,0.8724863760777709
212,Serbia,2.534554855851539,-0.8952356507312632,,0.9456478514606609,,,50.02326646859352,0.9879784608038924,,0.8075135517847897,111.27785,0.9569343298049207,,,36058737148.166885,-0.6608892629576832,38299854688.127655,-0.5446972504982327
213,Sub-Saharan Africa (excluding high income),4.973579234317455,-0.6323800390626092,,,,-0.7844645405527347,24.308381471770208,-0.8348387052265063,,0.9922274982205085,,,,,1463550354563.557,0.7883445002493406,1511046712038.0085,0.7601327552078891
214,South Sudan,273.35203455803196,0.6588887106164444,-70.43915779161397,0.25684746749400483,,,54.9493668239443,-0.09313365860086895,,,49.4067916666604,0.7721133510913027,,,2466114903.229481,-0.5787488279025074,2904114903.2291245,-0.761326740021772
215,Sub-Saharan Africa,4.661414184447004,-0.6577311306994862,,,,-0.7844645405527361,24.308381471770208,-0.8362897147220215,,0.9924334274303326,,,,,1464893160047.2722,0.7886213992951238,1512472520978.1938,0.7604575096689262
216,Small states,2.14585666778882,-0.6030632149074867,,,,-0.790569415042095,52.80574216823923,-0.08201281237783542,,0.9873667745393155,,,,,430721351152.0893,0.7055905887123679,441233983648.48114,0.5836419808431612
217,Sao Tome and Principe,8.051077105298504,-0.660267061746438,10.674509874123133,0.1615194346941219,,,,,,,22.1488606347838,0.9190151101311291,,,355191451.64966184,0.9644063579086544,354238109.3003041,0.9700065660353719
218,Suriname,30.537893586820132,0.4225387187588558,-13.064834880412658,0.7589303027257003,,,49.7845249755142,0.02299844722346102,,0.8600131635675318,6.22863027848978,0.7926509103130077,,,3167325321.902193,-0.06732140761069472,3278425328.324182,-0.02783309094699902
219,Slovak Republic,-0.4484120821043973,-0.4315169381542929,,,,,94.62461021313487,0.8527519396432085,,0.603250603250905,,,,,88501619601.21677,-0.11108140037153244,89768598023.3903,-0.11459486415209437
220,Slovenia,0.895670077617666,-0.6586148647427271,,,,,77.65409473765614,0.9106604549582328,,-0.7391014083347797,,,,,43459233369.698616,-0.6910798728926858,44708598648.85624,-0.6622365687977757
221,Sweden,1.5932514063440948,-0.23456743168839483,,,,,44.273227264244795,-0.5613488485729151,,0.8660254037844387,8.56199166666667,0.6547955914906918,,,520327182441.0012,0.2996137856880868,514459972806.1713,0.37293659461717865
222,Eswatini,5.258830204576981,-0.4545553012912042,4.741806255800464,0.09494194111349387,,,49.51634823408046,-0.2640430098981606,,-0.5059001863723009,14.7096108855267,0.879400620822374,,,3710194466.349422,0.328381573529463,3720649374.5751185,0.2549436664559499
223,Sint Maarten (Dutch part),,,,,,,,,,,1.79,0.0,,,,,,
224,Seychelles,-0.7911203853079058,-0.8498089967728487,13.25353562469905,-0.0012824314179627474,,,,-0.7846725021414902,,-0.7905694150420948,13.3191166666667,0.5903206282673379,,,1342825976.9973078,0.9551881091510778,1425929444.329236,0.9533270686566805
225,Syrian Arab Republic,,,,,,,,,,0.8007145328005453,460.275833333333,0.905135687028155,,,,,,
226,Turks and Caicos Islands,,,,,,,,,,,,,,,,,,
227,Chad,-8.367524777014353,-0.318711649939917,,,,,28.191693734929334,-0.7778289273766794,,0.9439779337048824,593.008170424934,0.8844814749940821,,,9226079841.729002,0.22200283458513367,9412034268.6661,0.06173759510028173
228,East Asia & Pacific (IDA & IBRD countries),2.4803957109250803,-0.5673845912103815,,,,-0.790569415042095,24.631122542542485,-0.8920932091991164,,0.9087563672327102,,,,,13437073927827.828,0.985335769751307,13483389369359.238,0.9848189923295142
229,Europe & Central Asia (IDA & IBRD countries),4.189155708959419,-0.6354719089437768,,,,-0.7416052843181982,32.94622530496844,0.5710758321241898,,0.9453386811653727,,,,,3376237685306.555,0.09820348102573334,3466035965437.1777,0.093342500635924
230,Togo,2.128280092776521,-0.5156856322962986,3.1007277360851746,-0.22770878112598913,,,42.822420540671544,0.43573056382537223,,0.790569415042095,593.008170424934,0.8844814749940821,,,4530726126.721351,0.968996546160717,4388569576.440933,0.9478217080222426
231,Thailand,2.3608309096704687,-0.4017929875071403,2.058907294029692,0.25072054958267614,,,68.11083378201015,0.05239315708924172,,-0.8086937042208113,35.2963833333333,0.33607983887519244,,,392423023311.15924,0.9118496265582319,411755164832.6742,0.913157787249003
232,Tajikistan,5.275840208980398,-0.8233497416387924,,0.8572434808328081,,,13.27674289669201,-0.4683868398944718,,0.8996334780343562,7.835675,0.9084993017670716,,,8165101356.611406,0.6057234554719302,6951657158.900928,0.6722918313077801
233,Turkmenistan,-4.837870204998268,-0.5240049269008686,,,,,,0.5984291470174193,,,,,,,35225885714.28571,0.921300477691874,36179885714.28571,0.8813275178886458
234,Latin America & the Caribbean (IDA & IBRD countries),3.4665469143152876,-0.6919538192238734,,,,,20.78664970255735,-0.2361676460799365,,0.932407235946083,,,,,4990918195271.651,0.5385812045554844,5134441961597.487,0.5380295632716764
235,Timor-Leste,-19.457216995382126,-0.3502238184440006,41.59969283255883,0.74346787045687,,,2.284800656649207,-0.15450970849173526,,,1.0,,,,2277716887.2375298,-0.3276918150878199,2521007678.8262897,-0.3741458200138094
236,Middle East & North Africa (IDA & IBRD countries),1.6072119053546885,-0.5863112506257985,,,,0.0,22.97066631695999,-0.8684427366126515,,0.8592698953026315,,,,,1429856446002.6262,0.40118392127131797,1431082428979.518,0.3952157234543837
237,Tonga,1.692737942299388,-0.7011895805566231,6.131004927366431,-0.8555197845507869,,,21.313344575604273,0.7404665484369354,,0.8414644488780367,2.21566110422528,0.49640886288074937,,,404101756.12839156,0.5678613957585786,401562006.22996706,0.6161390592909516
238,South Asia (IDA & IBRD),4.158721001482675,-0.7372105679077655,,,,0.0,18.134845597098515,-0.5921413935484157,,0.955178352539006,,,,,2904473877300.3257,0.9796715154990757,2903124297500.266,0.9805853914069558
239,Sub-Saharan Africa (IDA & IBRD countries),4.661414184447004,-0.6577311306994862,,,,-0.7844645405527361,24.308381471770222,-0.8362897147220212,,0.9924334274303326,,,,,1464893160047.2725,0.7886213992951236,1512472520978.194,0.7604575096689263
240,Trinidad and Tobago,1.6338120836653758,-0.8959394519703001,7.247772926465405,-0.6989475789472352,,,,,,-0.317620408402142,6.66896666666667,0.816824542573713,,,22013687604.31545,0.04323928411686442,22320008403.10915,-0.08216462969332011
241,Tunisia,5.556234844319945,0.17856811983971585,,,,,40.38877274552324,-0.8119665672450319,,0.7995753783086254,2.14803333333333,0.9557721616008495,,,40447392923.6499,-0.2772340159564098,42062549394.78585,-0.4210135942476023
242,Turkey,8.098262201008737,0.07781606445402163,,,,,21.96508273762108,0.4805276481044493,,0.6123724356957946,3.02013474808043,0.9418472291963019,,,854540544087.9443,0.6350717821855417,863721647958.6769,0.6449122170183224
243,Tuvalu,0.9999999999999574,0.08452148226870793,,,,,,,,,,,,,55494108.41047798,0.6376823870605252,36572611.88531479,0.7395204803969123
244,Tanzania,6.156877584131905,-0.8400002816596204,9.232932222156359,0.7917462017969744,,,19.59230508151216,0.44279328087364017,,-0.8238895003458488,2177.08595381578,0.9654792456562256,,,46910355003.62285,0.9704091118087407,47388395823.40439,0.9707838290180113
245,Uganda,3.5251513496076257,-0.4840036363532968,19.66766627203037,0.4415073171599364,,,18.581515995322594,-0.3422783153760932,,-0.6410912011381811,3420.09800724736,0.9693188120181122,,,23603826102.741554,0.8824976704082791,24078931744.414383,0.8844121797779997
246,Ukraine,17.142395276977652,0.18023463674735823,1.7882265295464201,-0.15022416034628144,,,49.288094656639736,0.23944304109534645,,0.8835257177304038,25.5513341166667,0.886261057711673,,,92334061280.63934,-0.5468520382131806,93270479388.52426,-0.56405064791788
247,Upper middle income,2.447438754426109,-0.6579755502287203,,,,-0.7572401854185347,24.280853805082817,-0.8270636045093493,,0.9615997403636594,,,,,19844184208856.23,0.8923391739951422,20108923623800.094,0.8888459248522076
248,Uruguay,7.345490946754296,-0.18071745217269594,8.220952751198565,0.5475359366538475,,,21.427543463621376,-0.9625060593035355,,0.8660254037844387,30.1626,0.7912479401042726,,,51131503653.53119,0.8622739705867655,52687612261.54243,0.8586963564399411
249,United States,1.2758000392079794,0.01841921708072508,2.207700780041333,-0.382246924259927,,0.0,11.890622420229295,0.22072032450721202,,0.8291536800112885,1.0,,,,18968714000000.0,0.9897128799750551,18624475000000.0,0.9866617717194855
250,Uzbekistan,7.376923917069973,-0.6434611985702121,,,,,18.930163653399035,-0.8288783412396892,,0.9158094129866959,,,,,68356765988.635025,0.8162216162268681,67067565988.635025,0.8211222094676703
251,St. Vincent and the Grenadines,-0.09426743487092892,0.09904525414085091,9.220459325360267,-0.18646833094110152,,,37.34881470730527,0.5748192899459817,,,2.7,,,,763289222.2222222,0.9499357683438223,765555555.5555555,0.9131471497963791
252,"Venezuela, RB",,0.3052661639607974,,-1.0,,,,-0.43079181881017975,,0.790569415042095,9.25734444444167,0.96849552778604,,,,0.7037800020810738,,0.7484972306141975
253,British Virgin Islands,,,,,,,,,,,,,,,,,,
254,Virgin Islands (U.S.),,0.0363755089654746,,,,,,-0.8883186857191998,,,1.0,,,,,,,-0.8668336279119884
255,Vietnam,1.1106491860010834,-0.7136783950410768,5.785098662791271,0.5433899821890877,,,93.62393906101026,0.9628100110049677,,0.9541310009285608,21935.0008333333,0.93095733744065,,,196914558580.73184,0.9945686120270293,205276172134.9014,0.9948541068412846
256,Vanuatu,2.187415249408616,-0.4746297529611714,0.7462609253107552,-0.6448810134889225,,,,0.40492423915116427,,0.8954153953251063,108.475,0.3652776156893794,,,780612145.5781683,0.8373688864009504,787942567.411846,0.8159776001973209
257,World,1.977968550584876,-0.6297106948009022,,,,-0.7584552340975549,28.51651202661433,0.05879286847531101,,0.97803049463918,,,,,76005594283605.36,0.8729432252727719,75936811478760.16,0.8721419074366182
258,Samoa,-1.5754114042102287,-0.5920367094972361,10.837818296284139,0.35962864629384556,,,29.336498160000524,-0.3913317691080491,,,2.56492967258212,-0.2074179457554881,,,767856219.152925,0.8895392093369762,786356314.80277,0.8616744954611928
259,Kosovo,0.45709849523964863,-0.7264892888137963,6.728545424871745,-0.41513319469003107,,,23.288528694735454,0.8358494951315253,,-0.9028367411609981,0.904035127950359,0.855422539729349,,,6804977876.106194,0.7533808086033654,6715486725.663716,0.7777342231890193
260,"Yemen, Rep.",4.453119363541276,-0.4036345906519278,,,,,3.5757369210774215,-0.9325124615019293,,0.894427190999916,214.89,0.5998982144124524,,,27160566086.42857,0.587682799651477,18213328571.42857,0.1529485499179827
261,South Africa,6.7738391734676355,-0.6921717118165371,3.450746164404316,-0.13655491804647396,,,30.70259740612147,-0.18648927771561258,,0.9391508301888885,14.7096108855267,0.879400620822374,,,287572337648.2106,0.006976666669600825,295762685147.6667,0.014539133530778105
262,Zambia,13.573765147896836,-0.04303644295723014,1.6960209513128373,-0.69720517321494,,,35.32466751196216,0.4114627448710684,,0.8924429630283354,10.313053230894,0.9055389265074274,,,20495636405.950005,0.6126554713752604,20954754378.139362,0.5684212216708127
263,Zimbabwe,1.3099771990793272,-0.4143283890067468,5.728316494287734,-0.42751468756375954,,,24.657893288361862,-0.6188982341542841,,0.896276375298065,,,,,14844234700.000002,0.9586869900803984,16619960400.000002,0.9439391049636595
