,country_name,tourism_expenditure_passenger_items_2016,tourism_expenditure_passenger_items_10_yr_change,tourism_reciept_perc_exports_2016,tourism_reciept_perc_exports_10_yr_change,tourism_expenditure_perc_2016,tourism_expenditure_perc_10_yr_change,tourism_receipt_usd_2016,tourism_receipt_usd_10_yr_change,tourism_expenditure_travel_items_usd_2016,tourism_expenditure_travel_items_usd_10_yr_change,tourism_expenditure_usd_2016,tourism_expenditure_usd_10_yr_change,tourism_receipt_passegner_items_2016,tourism_receipt_passegner_items_10_yr_change,tourism_arrival_count_2016,tourism_arrival_count_10_yr_change,tourism_departure_count_2016,tourism_departure_count_10_yr_change,tourism_receipt_travel_items_2016,tourism_receipt_travel_items_10_yr_change
0,Aruba,13000000.0,-0.6368568066518335,69.81888111128917,0.7283333772271262,16.526587191639642,0.8322992778570995,1638000000.0,0.9153226570242129,319000000.0,0.9152852151767767,332000000.0,0.8878615040053225,7000000.0,0.6611473657540344,1102000.0,0.914647249890105,,,1631000000.0,0.9143148484316119
1,Afghanistan,9000000.0,0.5648388874272026,4.492477201119111,0.21926906693754195,1.1770897393291335,-0.266112440228934,51000000.0,-0.08668356152472051,79000000.0,0.23302100483536214,88000000.0,0.25011614045750413,23000000.0,-0.6000252346805565,,,,,28000000.0,0.26377335324045276
2,Angola,229000000.0,0.5294838144129294,2.219099525712163,0.8144017825552224,3.2076978612300326,0.5615869648529365,628000000.0,0.6171252082784225,594000000.0,0.40226370802295175,823000000.0,0.5972405464809524,5000000.0,-0.46372475716366923,397000.0,0.6101287880699552,,,623000000.0,0.6210596661494716
3,Albania,76000000.0,-0.5774268638955665,52.948936746174546,-0.4796457173556663,24.594135434074367,-0.03729132861319697,1821000000.0,-0.472192574420786,1262000000.0,-0.5665786979500077,1338000000.0,-0.5762169765757501,128000000.0,-0.4159001722020866,4070000.0,0.9809650409400179,4852000.0,0.8794474847225177,1693000000.0,-0.38499189129329
4,Andorra,,,,,,,,,,,,,,,2831000.0,0.9060724754485384,,,,
5,Arab World,11961547864.494461,0.6085153769334619,10.411348215524143,0.39781079111349454,10.789218689263624,0.7259414211812557,81362698793.11035,0.8788178997222745,89266003858.66115,0.9386298836070812,91526031311.98611,0.9726414102613725,18605204893.85837,0.9455307005388934,76571538.38810915,0.3037416250482036,,,61539169826.22777,-0.22074550578693355
6,United Arab Emirates,,,,,,,19496000000.0,0.9743472031667362,,,17127000000.0,0.8816173949169236,,,,,,,,
7,Argentina,2703000000.0,0.8582608614365633,7.33193404247941,0.44735930295146353,15.744421850561139,0.6147422740752269,5186000000.0,0.18677768722019156,9026000000.0,0.8997091143723235,11729000000.0,0.9145384666644526,500000000.0,-0.06096125574157801,5559000.0,0.7322030321050963,10297000.0,0.8921670383659219,4686000000.0,0.2206076245929609
8,Armenia,52000000.0,0.16447334756513707,28.225431473929753,-0.4022577901443223,24.777713924904425,0.9907909233957657,988000000.0,0.964920595962086,1067000000.0,0.9782795196226894,1119000000.0,0.9709413747167223,20000000.0,-0.9301061243736666,1260000.0,0.9791944971749873,1263000.0,0.9691920337472968,968000000.0,0.9699719505625373
9,American Samoa,,,,,,,,,,,,,,,20100.0,-0.9634035774737629,,,,
10,Antigua and Barbuda,,,67.05173043268738,0.8879360976990318,8.089358589047595,0.6018367259479888,693000000.0,0.8027940653255015,75000000.0,0.6760496632704744,75000000.0,0.6760496632704744,,,265000.0,0.3120686201825059,,,693000000.0,0.8027940653255015
11,Australia,4879000000.0,-0.040240299429378526,13.878606595094759,0.19594455654541432,11.541093077260731,0.4933350086263142,34475000000.0,0.6901767259662962,24889000000.0,0.5794172363017117,29768000000.0,0.4663825851846987,2035000000.0,-0.8340784154555038,8263000.0,0.9326073684115423,9928000.0,0.9914765015641822,32440000000.0,0.7569059509451203
12,Austria,,,9.437227897881296,-0.32277014262357384,5.1071730640418025,-0.5381471700752261,19241000000.0,-0.3118446935215778,9770000000.0,-0.649566909098143,9770000000.0,-0.649566909098143,,,28121000.0,0.9719230264093207,11534000.0,0.8689837099294051,19241000000.0,-0.3118446935215778
13,Azerbaijan,99000000.0,0.4950946930828032,16.241153193553988,0.9599236234700986,15.689495861343339,0.9075854767580567,2855000000.0,0.9205111893732058,2494000000.0,0.8823383475846296,2593000000.0,0.8769985467642017,141000000.0,0.2910410616794187,2044000.0,0.885676999055801,4282000.0,0.9164438545253428,2714000000.0,0.9267333123539012
14,Burundi,,0.9827076298239908,1.042503988959687,0.06130672408159473,3.774918672371561,-0.756196285536852,1900000.0,0.2608170020467756,28000000.0,-0.6169746211445588,28000000.0,-0.7152701394240399,,0.7706746355884524,187000.0,-0.02977345638125795,,,1900000.0,0.48144461699687857
15,Belgium,2057000000.0,-0.31575672805964916,3.2936908214257468,0.6270281868756878,5.654475685872482,0.643122604762229,12772000000.0,0.6023660933547973,19518000000.0,0.2988910598958541,21575000000.0,0.5989503265725616,1161000000.0,-0.2363689381060863,7481000.0,0.7637560899600452,13372000.0,0.9055483372791041,11611000000.0,0.29270456230725594
16,Benin,,0.04219529299362271,,-0.7736901290686111,,-0.3524512108878752,,-0.34025916383250804,,-0.24820888107265002,,-0.03369871526011227,,0.20251325872393736,267000.0,0.9930282503698121,,,,-0.39346275807950315
17,Burkina Faso,,0.42456114792379823,,-0.6680362601206334,,-0.7083134608632511,,0.6328525598502404,,0.7736075123028866,,0.4464817826940678,,0.9489656022668654,152000.0,-0.9679614648662427,,,,0.7919495257309377
18,Bangladesh,359000000.0,-0.13484491425018577,0.46566830695178524,0.09384773753886037,1.7643344218460306,-0.7178276465870592,175000000.0,0.9575426719407587,489000000.0,0.9725816041139052,848000000.0,0.34759698360877234,,-0.9019834762844663,,-0.874044060762359,,0.3099374127083349,175000000.0,0.9760742199286888
19,Bulgaria,275000000.0,0.27825071413958935,12.226019282699097,-0.8185157364892183,5.132483001787271,-0.3962943614051847,4164000000.0,-0.39207181174301375,1361000000.0,-0.45376209639516324,1636000000.0,-0.39402915290528473,511000000.0,-0.0368438063091806,8252000.0,0.954308715659793,5392000.0,-0.07933431056603597,3653000000.0,-0.434670954295288
20,Bahrain,,-0.9724068179195051,,-0.7727293017467829,,-0.5676164489521994,,-0.2639900265338308,,0.8380731965561227,,0.7797964290248386,,-0.7000077012132863,10158000.0,0.24226612648634818,,,,-0.08769422057234588
21,"Bahamas, The",111000000.0,-0.7031032804312112,77.8561151733081,0.7147898756269462,10.24283494481547,-0.41220602107825477,2627000000.0,0.9213008201437347,329000000.0,0.0876860960826913,440000000.0,-0.2722988270015427,17000000.0,0.6951536782349902,1482000.0,0.5214878197295122,,,2610000000.0,0.9176661996349009
22,Bosnia and Herzegovina,68000000.0,0.6775517936815009,12.8097733434489,-0.7241636849881198,2.422018172740562,-0.6522450115017941,770000000.0,-0.3214102987341568,146000000.0,-0.8520619226510088,214000000.0,-0.7839098430070796,47000000.0,-0.9048502708498609,777000.0,0.9600577673175487,,,723000000.0,-0.10777879766707836
23,Belarus,91000000.0,-0.27649175418079003,3.404497009789182,0.8334909641762136,2.9898405418377685,0.6814031097982945,1019000000.0,0.8459849395868936,806000000.0,0.5909814711693409,897000000.0,0.5213352194348473,308000000.0,0.7480311235488486,9423500.0,0.8633630779980795,467000.0,0.675793648042019,711000000.0,0.8674252204669949
24,Belize,2000000.0,-0.3464101615137754,40.37058569779226,0.5424031892623266,4.859469545030436,-0.2872585266854485,391000000.0,0.895495910361942,53000000.0,0.700715380871417,55000000.0,0.691226301270005,,,386000.0,0.9469920086664038,,,391000000.0,0.895495910361942
25,Bermuda,124000000.0,-0.32201923585688325,32.88362589842359,0.38742543719702066,19.17045844671753,-0.4021516702566373,445000000.0,-0.008101215207291148,268000000.0,-0.41550726416230427,392000000.0,-0.41692882755855915,,-0.31622776601683794,244000.0,-0.5196152422706631,,,445000000.0,-0.024247620187605456
26,Bolivia,126000000.0,0.7932021463564712,9.71566480016252,0.7618105656431894,8.793839246574978,0.3565769156221379,801000000.0,0.9737160470889328,819000000.0,0.9136100103919854,945000000.0,0.9243198646834722,114000000.0,0.7494285877933589,959000.0,0.9884142213961001,1048000.0,0.9705138789711555,687000000.0,0.9544402813366626
27,Brazil,2571000000.0,0.38672739093812575,3.0369244231473176,0.2207993499134388,8.401135516906006,0.7674462103652255,6613000000.0,0.6319362145784461,14497000000.0,0.46733503072219285,17068000000.0,0.4566995228878596,589000000.0,0.693003074631238,6578000.0,0.9660905386429671,8528000.0,0.8884987510520981,6024000000.0,0.5338472704963583
28,Barbados,,-0.9062496714472833,,-0.8763911884838892,,-0.7818635564440616,,-0.9062470591821314,,-0.8027540250075665,,-0.829254442309578,,0.8038789432721648,632000.0,0.44512528474556956,,,,-0.9150492728477825
29,Brunei Darussalam,,,2.5486210593224796,-0.22893618982248706,11.598411068645653,-0.28994235812835983,144000000.0,-0.7098499309392281,499000000.0,0.2714209973052634,499000000.0,0.2714209973052634,,,219000.0,0.21535276082326618,,,144000000.0,-0.7098499309392281
30,Bhutan,1000000.0,0.5196152422706632,21.33157183915093,0.9632184321232662,4.241616974231277,-0.6321893659385787,137000000.0,0.9831313317334601,51000000.0,-0.07683841082479034,52000000.0,-0.03315642523255416,47000000.0,0.8574894996494898,210000.0,0.977212788966156,,,90000000.0,0.9550007982540799
31,Botswana,,0.0274403422303133,13.044769185979563,-0.00873975317475976,4.004632773499705,-0.5150378583296428,1075000000.0,0.9453518002692018,267000000.0,0.23797923364332818,267000000.0,0.23432378934841142,2000000.0,0.2138908516867237,,-0.5752981585488149,,,1073000000.0,0.9462549168336737
32,Central African Republic,,0.8880154438811457,,,,,,0.7253250299090476,,0.09652341781316802,,0.9206252428122048,,0.938952955723142,,0.9765043266870932,,,,0.6455502796611637
33,Canada,,0.17594226450486833,3.841190026507515,0.3028310476134114,5.664263019816317,-0.4770879895148649,18278000000.0,0.4511910751004892,29067000000.0,0.4386188601538908,29067000000.0,0.09317901359001991,,0.5670828795964699,19824000.0,0.63640798255775,31278000.0,0.8179777663533406,18278000000.0,0.7686527621314002
34,Central Europe and the Baltics,2301123029.360686,-0.3960037407601993,6.3121316695137715,-0.7930058214043647,3.6411442383718775,-0.5579616682632594,52734000000.00001,-0.014370691774465337,25581000000.000004,-0.32539879987593734,28376000000.0,-0.23739773984935744,5424188694.888581,0.06871508566995885,76673000.0,0.9524281055603173,103736000.00000001,-0.18712576797711233,46722000000.00001,-0.12522453232015718
35,Switzerland,2313000000.0,0.3761922302621552,4.421163335367147,-0.6139626288506603,5.152380151517177,0.6852338647255856,19220000000.0,0.6516475766793892,16536000000.0,0.9322975006111979,18849000000.0,0.8992625691242312,2942000000.0,0.3534715867471409,9205000.0,0.8826623046955369,13857000.0,0.8887875067393941,16278000000.0,0.7077135459098015
36,Channel Islands,,,,,,,,,,,,,,,,,,,,
37,Chile,578000000.0,0.8355070388981711,5.26744122498611,0.7620086391292809,3.9911481429947138,0.846323651355879,3697000000.0,0.9526179404288165,2137000000.0,0.9571606128773126,2715000000.0,0.9497693925748085,960000000.0,0.6460821738308063,5641000.0,0.9111978339463498,3553000.0,0.9885870284998446,2737000000.0,0.9667175414267566
38,China,,,2.0215453740548157,-0.8841594827545814,13.445112015037758,0.9232313270917734,44432000000.0,0.34315022375664184,261129000000.0,0.9571601170771984,261129000000.0,0.9571601170771984,,,59270000.0,0.7330352832091117,135130000.0,0.9907834842217401,44432000000.0,0.34315022375664184
39,Cote d'Ivoire,,-0.6934596982228861,,0.5589831518222617,,-0.7658596236248966,,0.6997459064592196,,0.5621225877023729,,-0.20066540020416898,,0.4786108009211776,1583000.0,0.8162302060651051,,,,0.4369233297062901
40,Cameroon,,0.6674667125816248,,0.8618231577888377,,0.6637246016906061,,0.8486682145586207,,0.7100862001123063,,0.7307957479007842,,0.8500516581389009,,0.9436129912542652,,,,0.8371410207763699
41,"Congo, Dem. Rep.",,,0.04254175820641429,-0.23794402710096582,0.4991171137294961,-0.5159757745504716,4300000.0,0.029121110816836875,60000000.0,-0.06416833309683956,60000000.0,-0.06416833309683956,,,,0.9178267989417743,,,4300000.0,0.029121110816836875
42,"Congo, Rep.",,0.3525602995186868,,-0.2139246131740982,,-0.12859114749393505,,0.11389078427228025,,0.11548411291009747,,0.1973087717785338,,-0.5910828046793256,224000.0,0.8845936770528903,,0.9999999999999999,,0.2372806657816478
43,Colombia,571000000.0,-0.2612312351954839,13.974054469179665,0.6990630789747562,8.678845218785526,0.6465492020455939,5835000000.0,0.9929487060576553,4161000000.0,0.9379954225840148,4732000000.0,0.9341229453006683,1062000000.0,0.8954689727625453,3317000.0,0.7007365832307146,3795000.0,0.9562019323015278,4773000000.0,0.9901780658246685
44,Comoros,,0.49970026973028336,,-0.48873982523772214,,-0.5657943481796815,,0.5716875327404791,,0.8885461516913051,,0.8780092501272424,,-0.5669467095138407,26800.0,0.930198123751447,,,,0.5813183589761798
45,Cabo Verde,8000000.0,-0.6422616289332564,54.60758409050089,-0.73439464719308,7.440859911530093,-0.7161188773169722,402000000.0,0.160252995839054,67000000.0,-0.866225255518668,75000000.0,-0.8848122735244629,32000000.0,-0.790420368078341,598000.0,0.9642220961075724,,,370000000.0,0.5193497113435775
46,Costa Rica,229000000.0,0.7842812747575608,20.863209573747625,0.30992815777225674,5.747518286093047,0.33292707264151583,3956000000.0,0.9152691855140983,809000000.0,0.5699189120298761,1038000000.0,0.7378415810026713,77000000.0,-0.6812080304987856,2925000.0,0.957956999622531,1036000.0,0.9761311555089268,3879000000.0,0.9265961427690178
47,Caribbean small states,431549164.5077597,0.6401510259657339,38.99068119051275,0.592786401306968,5.477987857769827,0.18264471142106575,10486285038.851229,0.8648291176672707,1301201185.7759314,0.36952936163975075,1661625161.7884147,0.6090416372425742,381978065.4441871,0.22762672234947504,6634747.90182106,0.9369784994248289,,,10243288816.45175,0.8620322373986645
48,Cuba,,,,,,,3069000000.0,0.8189293260230587,,,,,162000000.0,-0.3925245653597296,3968000.0,0.9324692031769877,724000.0,0.8468031326053149,2907000000.0,0.8477629342087469
49,Curacao,69000000.0,0.7956925409795265,36.09548978594949,0.8518367846877347,18.181246568948747,0.9814214654810244,644000000.0,0.8268999427722927,351000000.0,0.9903048751487963,420000000.0,0.9852283981686158,71000000.0,0.6104236976919339,441000.0,0.7698528579656002,,,573000000.0,0.907643805699884
50,Cayman Islands,,,,,,,,0.6207692886055365,,,,0.8382928197809381,,,385000.0,0.9292341698150348,,,,
51,Cyprus,439000000.0,0.7774550782444756,21.114091059355374,-0.032464459371483706,12.330170006531814,0.43376379747709004,2756000000.0,-0.0650396528702389,1188000000.0,-0.7971621145229701,1627000000.0,-0.6518373759917839,,-0.9505026829152219,3187000.0,0.7744020704306863,1268000.0,-0.08416466537267095,2756000000.0,0.45305730931583327
52,Czech Republic,43000000.0,-0.8934923437202931,4.547102139861951,-0.9327299241749284,3.5360210364093003,-0.1954577152518878,7041000000.0,-0.8598596630512968,4920000000.0,0.4981270552966543,4963000000.0,0.41078045393821555,733000000.0,-0.8845135788631551,9321000.0,0.948273577131192,6027000.0,-0.7671295218849197,6308000000.0,-0.8191910124796421
53,Germany,7517000000.0,-0.8562626290448924,3.248403710874496,-0.45796060396194566,6.573053431142852,-0.775861775600763,52129000000.0,0.34931393340422445,79906000000.0,-0.16337674435212118,87423000000.0,-0.45323405232755193,14683000000.0,0.5285439155710663,35555000.0,0.9890263602705054,90966000.0,0.19111566289632062,37446000000.0,0.26023974007459155
54,Djibouti,11600000.0,0.0,6.150243277584376,0.8807374957649574,3.8804217598208472,0.34236458465702213,33500000.0,0.9633567249001369,23500000.0,0.9077605517741849,35100000.0,0.897772277915287,,,,0.6978227007909176,,,33500000.0,0.9633567249001369
55,Dominica,,,83.59143218485546,0.8001909523334776,7.008415136869238,0.8552797606049333,235000000.0,0.83605963795848,22000000.0,0.790734099850681,22000000.0,0.790734099850681,,,78000.0,-0.019245008972987525,,,235000000.0,0.83605963795848
56,Denmark,,,4.284644457853859,0.7904411089528597,6.296917722357066,0.26116717987311583,7046000000.0,0.7420343435449084,9159000000.0,0.05533880502408281,9159000000.0,0.05533880502408281,,,10781000.0,0.5243068365590103,9651000.0,0.8675415856280494,7046000000.0,0.7420343435449084
57,Dominican Republic,379000000.0,0.915230996481817,37.04377148902407,-0.5098003981397515,4.213172061131923,0.20710280930052474,6723000000.0,0.9518610800373755,496000000.0,0.8913692928365153,875000000.0,0.9486564725685721,,,5959300.0,0.9647100595406339,500000.0,0.7183633006784237,6723000000.0,0.9518610800373755
58,Algeria,100000.0,-0.8656375899448422,0.7411538320093892,0.33289764013511125,0.7892833186811881,-0.6112074422627618,243000000.0,-0.6206840430008413,475000000.0,0.3893058453990591,475100000.0,-0.05339276687233454,34000000.0,-0.9328030316006718,2039000.0,0.15797458227802094,4530000.0,0.8934854154106513,209000000.0,-0.16626768287753715
59,East Asia & Pacific (excluding high income),,,4.725866012776513,-0.23667313265014606,11.010193932869939,0.9144437607202641,150925552059.14395,0.9328218413883499,315201267590.3558,0.9638556000912621,312796929713.86346,0.9632773669715856,,,161136185.7507771,0.9912683162521596,184218543.08341986,0.9918043211111834,140084054714.19785,0.9348054543068149
60,Early-demographic dividend,28827053740.83116,0.8616279559800158,8.086165770839976,0.47606777530662225,5.57200239998134,0.2103141764379456,184105190783.98282,0.9427550429377061,124426746428.75551,0.9628849552422758,149144041155.44867,0.9721812772180762,28612271880.563908,0.92112509475895,219286665.69980273,0.9512643845808642,186812817.35292327,0.9908325109835543,158971739290.75888,0.9445011761601141
61,East Asia & Pacific,,,5.489230731559981,0.8835219566736457,8.126668412037633,0.8624883874699537,353642365711.453,0.9321091973117908,449090750203.17554,0.9761739520260754,468610734008.5837,0.9765948987049,,,283791384.5049689,0.9924776797442865,376377565.7460091,0.9945496205438231,324917381856.8786,0.9344738539583355
62,Europe & Central Asia (excluding high income),6264223487.087493,0.21648938898332698,7.651279146732713,0.4635185428155269,6.66541671791232,0.7620147642915307,73432476840.69945,0.39213044709398553,49317478503.28979,0.5247377690388538,55583949116.0275,0.5057642392966537,16820726695.843414,0.7639118683508169,141412386.42588547,0.831157759629367,124123387.26133521,0.7709107442193098,56849717148.82026,0.10507457302525933
63,Europe & Central Asia,73204227893.08902,0.2074210476292236,6.139492902114889,-0.04792798788403343,6.057052532907149,0.10921801607767516,523422286669.873,0.4211135111098028,426628149892.99176,0.28066156659057434,476009430257.85474,0.2805874570253141,112518734849.02065,0.8052894884408882,612431602.7401639,0.9624597863903751,575775084.8844011,0.8522084421816325,443830581059.69226,0.25878830995178437
64,Ecuador,373000000.0,0.9403647638027982,7.405996829510288,0.8407983413181558,5.427141420083507,0.2228208778797424,1449000000.0,0.9500874753820518,661000000.0,0.9892805781830191,1034000000.0,0.9714185109693003,6000000.0,0.7361215932167726,1418000.0,0.9269641780159942,1551000.0,0.9778515259179216,1443000000.0,0.9494556479424979
65,"Egypt, Arab Rep.",241000000.0,-0.8614754938012336,9.828470148809878,-0.811315032921075,6.416164428406901,0.42979298569422686,3305000000.0,-0.8924397603122652,4110000000.0,0.758224293968532,4351000000.0,0.6918644073975228,660000000.0,-0.7215980972900811,5258000.0,-0.8287213660210169,,0.9485282919126444,2645000000.0,-0.8922784933445377
66,Euro area,,,5.895027928831086,-0.5422130025200573,5.388204878610388,-0.42213121571526596,320982000000.0,0.1928256559471,240323000000.00003,-0.22842222933692888,263927000000.0,-0.2321429741534877,,,364654999.9999999,0.958869586671288,253177059.36527863,0.7705055640753631,279672000000.0,0.053434752268216375
67,Eritrea,,,,,,,48000000.0,0.4714464290029463,,,,,,,142000.0,0.8508810457459326,,,,
68,Spain,,,14.860272551001133,-0.6112757714402484,5.206066660151961,0.45764066812889853,60605000000.0,0.10146813228989356,19284000000.0,-0.0971253166656211,19284000000.0,-0.0971253166656211,,,75315000.0,0.8927437264804644,15405000.0,0.6558049982989784,60605000000.0,0.10146813228989356
69,Estonia,136000000.0,0.23608282507266998,10.282047372781983,0.38750773221875456,7.396281821263212,0.6937498786112315,1896000000.0,0.6741659472045141,1161000000.0,0.8470874678206113,1297000000.0,0.788738156821609,404000000.0,-0.8667520602569468,3147000.0,0.9674399370355339,1339000.0,0.936206569223857,1492000000.0,0.7512965704405518
70,Ethiopia,,,36.203098861458166,0.6472025787525644,2.3155576813681473,0.6067283738470141,2138000000.0,0.8875374768154752,461000000.0,0.8997946828849611,461000000.0,0.8994324033935648,1791000000.0,0.967143781708761,871000.0,0.9904971834369489,,,347000000.0,-0.12314936618108237
71,European Union,,,6.067330927993773,-0.3332497220243366,5.837637405878728,-0.3174259106782437,438943000000.0,0.36372266235869044,348259999999.99994,-0.09671543440098028,388374999999.99994,-0.07021958815315235,,,482410000.00000006,0.953437929953554,444983917.4734358,0.5483037699133407,378784000000.00006,0.22607420557728516
72,Fragile and conflict affected situations,,0.05836240008461759,13.814638219649412,0.6988851981458546,9.658355435542461,0.5496874114405145,,0.6496749620867471,,0.964424136973665,,0.9473537713495771,,0.3292127135340855,,0.5963119232701858,,,,0.46588065407691404
73,Finland,,0.2025786795884362,3.159169831080578,-0.5625766984456376,5.888905732369818,0.14773389608153675,2717000000.0,-0.7028232341607255,5168000000.0,0.7414500211818063,5168000000.0,-0.4508219527546097,,0.22771017674799107,2789000.0,0.7292317680515324,9130000.0,0.9175780090470579,2717000000.0,-0.09787013560343352
74,Fiji,,-0.3944053188733077,,-0.5156332907721558,,-0.5146060536929242,,0.6865565506600861,,0.18053823930090213,,-0.04366514640929943,,0.4051880747000488,792000.0,0.9290889498726012,156000.0,0.9675594166419246,,0.7550784304997492
75,France,8472000000.0,-0.06922297078763874,6.852580254651125,-0.8443899459035764,6.34973646098477,0.3517154258131638,50883000000.0,-0.4436325111451405,40552000000.0,0.3040633989578544,49024000000.0,0.23736114202774683,8239000000.0,-0.7124412255802536,82570000.0,0.8296125447529751,26483000.0,0.7016727788453468,42644000000.0,-0.36972946155672365
76,Faroe Islands,,,,,,,,,,,,,,,,,,,,
77,"Micronesia, Fed. Sts.",,0.6546536707079771,,-0.7274339169261539,,0.6212393495935435,,0.322524714403148,,0.5980263104415187,,0.7041552682179609,,,29600.0,-0.28562474923433084,,,,0.670820393249937
78,Gabon,,,,,,,,,,,,,,,,,,,,
79,United Kingdom,14597000000.0,0.7940933209071961,7.416500465454537,0.8980310604564771,9.869484316289897,-0.024429654106115053,55558000000.0,0.8249270388071012,64774000000.0,0.1022232658326113,79371000000.0,0.2857294858704521,14100000000.0,0.8537282901172268,35814000.0,0.8682514208842522,70815000.0,0.3049851729599671,41458000000.0,0.7520316037619234
80,Georgia,320000000.0,0.9762940000415764,38.02123859013129,0.984699398920371,8.32227915006884,0.774409374069932,2370000000.0,0.9813831071437634,386000000.0,0.9563957113079856,706000000.0,0.9702934746255113,204000000.0,0.9478268436113942,6361000.0,0.9758540209968304,3400000.0,0.9586189537052232,2166000000.0,0.9831636165307044
81,Ghana,779000000.0,0.8918280445504075,5.44938529679348,-0.8008551236337174,7.649806705230679,-0.1959198820304219,952000000.0,0.3309824674785298,792000000.0,0.32885224749377734,1571000000.0,0.7882309700638552,106000000.0,0.3261397617305342,,0.5661370502540738,,,846000000.0,0.25472012752268725
82,Gibraltar,,,,,,,,,,,,,,,,,,,,
83,Guinea,4000000.0,-0.7657610341287686,0.7051170089573057,0.7122627346704645,0.3113684932879382,-0.530872384517474,17400000.0,0.8247665012653596,12000000.0,0.32988152782898567,16000000.0,0.031237800116653943,1400000.0,0.34494262921509283,,0.049064931024698784,,,16000000.0,0.8574117154693215
84,"Gambia, The",1200000.0,0.6507913734559685,50.52576865860865,0.9208733153155865,17.233073423298915,0.8209098226486938,120000000.0,0.8503961878625714,75000000.0,0.8313086172604982,76200000.0,0.8336502053114487,4000000.0,0.46196739989156976,161000.0,0.39756940502944327,,,116000000.0,0.8215669735361322
85,Guinea-Bissau,,0.7544376663139063,,-0.5208410465495238,,0.27802392511733715,,-0.3084259223143242,,0.3819836244967868,,0.39083471175429707,,-0.5,,0.9124035617583912,,,,-0.30266948971317237
86,Equatorial Guinea,,,,,,,,,,,,,,,,,,,,
87,Greece,1195000000.0,0.8653259423870087,30.134351599868836,0.6852503405487518,6.081879903192682,0.8420676597874996,16533000000.0,0.32723968121607916,2220000000.0,-0.8749146387602593,3415000000.0,-0.34795190054341724,1808000000.0,0.7513439248947381,24799000.0,0.8957151261928948,7235000.0,0.932133659484983,14725000000.0,0.1072897688374782
88,Grenada,,,86.06671654238042,0.781518683233988,3.7971436778828367,0.8557415226322658,510000000.0,0.8306584594189081,21000000.0,0.8509261161240973,21000000.0,0.8509261161240973,,,156000.0,0.8182359577867876,,,510000000.0,0.8306584594189081
89,Greenland,,,,,,,,,,,,,,,,,,,,
90,Guatemala,254000000.0,0.8849789857612503,11.597195723253499,-0.6596683879900489,5.262513768204626,-0.3830375728548872,1550000000.0,0.93413438982953,735000000.0,0.5583280089025752,989000000.0,0.7566680227264355,,,1906000.0,0.6656924882589017,1195000.0,0.3484032051443127,1550000000.0,0.93413438982953
91,Guam,,,,,,,,,,,,,,,1535000.0,0.9424383484255299,,,,
92,Guyana,,,,-0.0971333727504663,,0.49464836570547116,,0.360482722291536,,0.8816274246604864,,0.8816274246604864,,,235000.0,0.943471840303944,,,,0.360482722291536
93,High income,158379100879.58264,0.6054728327398573,6.907048928816742,0.7673902360838704,6.09985779681701,0.15003862260308728,995133705779.9994,0.8901297114710177,735886798408.179,0.7397248309509262,849985852333.5522,0.7286118655271391,177044677974.8445,0.8470313127629696,749546775.3302456,0.9694342000303778,770028666.8117453,0.9138162046131212,860544504281.4452,0.8827721772830063
94,"Hong Kong SAR, China",,,6.32845952476503,0.8150945227433817,4.081774345864821,-0.2768266488881737,37976000000.0,0.8756027325509441,24194000000.0,0.9885563180379594,24194000000.0,0.9885563180379594,6730000000.0,0.8779676797442112,26553000.0,0.9444875079173104,91758000.0,0.8679839783721403,31246000000.0,0.8676129778166893
95,Honduras,105000000.0,0.7115124735378853,10.138997913262083,-0.8226866346988321,5.278995181225072,0.4026521323872027,692000000.0,0.656887259768058,418000000.0,0.826022296380533,523000000.0,0.8446451976874213,6000000.0,0.5828444181273905,,0.45520217028531273,,0.8980150528566836,686000000.0,0.5801428357868142
96,Heavily indebted poor countries (HIPC),,0.9511338760070166,12.546756802566582,0.7282400013939998,5.1415080433569305,-0.5784370657062625,15373759791.146238,0.9301440335685096,7946820784.284606,0.9282620560922138,11184716489.50068,0.9479964981831218,3968987623.86436,0.965547159330153,21590019.738711327,0.9909519515530976,,,12633755912.226156,0.919237725697225
97,Croatia,9000000.0,-0.8597461823694592,38.82689695857583,-0.6102984765443124,4.02555569386554,-0.22559437703048918,9820000000.0,-0.21303661036834115,945000000.0,-0.6104095487324607,954000000.0,-0.6620480222915551,187000000.0,-0.8566931621194979,13809000.0,0.9791721511760247,1615000.0,-0.0911097132494709,9633000000.0,-0.1565096418781324
98,Haiti,441000000.0,0.7188598328883538,31.591011855919337,-0.8663580047720132,11.986215256564753,-0.5328544261856935,511000000.0,0.8684797418022486,62000000.0,0.38166706166294934,503000000.0,0.7478632504441447,,,,0.8505484954682421,,,511000000.0,0.8684797418022486
99,Hungary,633000000.0,0.5822406860089151,6.614245450223613,-0.0412953213029363,2.7856593619713097,-0.6680860792595756,7481000000.0,0.07184521594276462,2166000000.0,-0.8137875564645208,2799000000.0,-0.7572750196345763,1807000000.0,0.9004846168492409,5302000.0,0.9712188766029753,18895000.0,0.4422480656593102,5674000000.0,-0.5532995846145434
100,IBRD only,,,6.1815712846952415,0.01234765916139802,8.35072398244597,0.9122972488076941,378164157879.6844,0.8890979862920758,467423901678.73047,0.9718968638977794,497716614265.55414,0.9704105078020305,,,453418549.6330015,0.9763524415752063,458900767.85789955,0.9770805724018038,335611222640.762,0.9042939122747629
101,IDA & IBRD total,,,6.380520350932675,0.06794157925186046,8.154687780366357,0.9016201063602907,413718159369.9447,0.9019605120150609,485042805687.02185,0.9692484027854676,524995739938.41956,0.9682707554699788,,,511258071.24151105,0.9810568304444194,587101273.0467772,0.9785160006758109,366122737792.3139,0.9180789129930367
102,IDA total,10839842893.881592,0.9255013701494583,10.827932080995938,0.5827145565722888,5.269422910150665,-0.7519814759486199,,0.9614913344963325,15642818440.245256,-0.15695225313503292,25690700859.998848,0.43044684776608605,6228659619.994518,0.851360200851628,,0.9817627843340199,,,,0.9558795517123486
103,IDA blend,6152845249.319142,0.9328417450759309,6.7618257606323775,0.6784889999852919,6.536403451709621,-0.4709237189804493,7439921275.029126,0.9078060272231147,5091561638.947194,-0.4666559437821047,10573434624.844316,-0.007805456753518673,1735810463.8478472,-0.14104002327721238,,0.017555020746460936,,,5920630074.218618,0.9303312633661528
104,Indonesia,2494000000.0,0.10495022348710666,7.508641853715628,0.6971032814586933,6.294223361815048,-0.21044673984849296,12599000000.0,0.9378758381235447,7549000000.0,0.9060077656619874,10043000000.0,0.7866626902173461,1361000000.0,0.8962558619063699,11519000.0,0.9858485908763126,8340000.0,0.9481826734948584,11238000000.0,0.9383036381044068
105,IDA only,4661784176.669651,0.8038142176099246,13.194128572659752,0.3295740000761185,4.57739153145754,-0.6843639262202824,,0.9588976925447363,11064583263.411884,0.931604389416826,15564093292.313019,0.9654084529820567,4924503904.896,0.948885841227836,,0.9793994518059618,,,,0.9269124062279641
106,Isle of Man,,,,,,,,,,,,,,,,,,,,
107,India,2808000000.0,0.4609802980625814,5.3692356311469585,0.7267785894096108,4.064508286347994,0.5664893243000655,23111000000.0,0.9689670567026902,16377000000.0,0.911773911406542,19185000000.0,0.9198081081491118,684000000.0,0.151292000541975,14569000.0,0.9029042402225078,21872000.0,0.9907991040191834,22427000000.0,0.9662742474716135
108,Not classified,,,,,,,,,,,,,,,,,,,,
109,Ireland,92000000.0,-0.798120255460296,3.241124166194847,-0.8497498396507486,2.1892987748011374,-0.9847057390225158,11427000000.0,0.7471146109913861,6124000000.0,-0.80506115731809,6216000000.0,-0.8064152724200524,6229000000.0,0.9404487125311267,10100000.0,0.8463123272911985,7646000.0,-0.11291106086875814,5198000000.0,-0.20746025579420896
110,"Iran, Islamic Rep.",,-0.6466051783491712,,,,,,0.9202218756750038,,0.23924941650916592,,0.1224256278797051,,0.3240114538239767,4942000.0,0.9638680032931244,9007000.0,0.5475331324407062,,0.9393838479355694
111,Iraq,111000000.0,0.7990446971263316,7.46810465589179,0.7037420434355964,16.976225854383358,0.8725752053752471,2479000000.0,0.8189010762805492,4916000000.0,0.9828762596435904,5027000000.0,0.9812707943187672,56000000.0,-0.03920413222876699,,-0.059453764559357185,,,2423000000.0,0.8182269632487573
112,Iceland,,,24.428459490620952,0.8229435484573706,14.822382571570872,0.4746094930284429,2411000000.0,0.8584621108269173,1268000000.0,0.5589024966401539,1268000000.0,0.5589024966401539,,,1792000.0,0.9002885337688966,536000.0,0.7135245589998936,2411000000.0,0.9083891008784569
113,Israel,1763000000.0,0.9241778516293148,6.688698639048635,0.2666025247113545,9.617920374749133,0.6961540809610287,6426000000.0,0.9073492545786455,6844000000.0,0.8883262184915974,8607000000.0,0.8966993227790805,704000000.0,0.14121575414448434,2900000.0,0.6977121581221436,6781000.0,0.8946098125274682,5722000000.0,0.9281325211501942
114,Italy,,,7.281585391559794,-0.2585187964261773,5.059627560112103,0.1585534939748033,40373000000.0,-0.18771298051565483,24982000000.0,-0.7237215060785079,24982000000.0,-0.7237215060785079,,,52372000.0,0.9845434361373687,30849000.0,0.30373362505334084,40373000000.0,-0.18771298051565483
115,Jamaica,168000000.0,0.7497790431079325,57.536089503578125,0.7033282823950708,6.692578169539022,0.8861533851089098,2539000000.0,0.6847447188812491,256000000.0,0.04704498204225939,424000000.0,0.7538655462035367,,-0.9806931462913241,2182000.0,0.9904762558762419,,,2539000000.0,0.9161376639325172
116,Jordan,109000000.0,-0.7532992307494625,36.38779445919038,0.8232609143778595,6.295453071284932,-0.4414604586601382,4943000000.0,0.8315704963901642,1258000000.0,0.1055967882303536,1367000000.0,0.015408534256072326,899000000.0,0.693477376095203,3858000.0,-0.004584243457397997,,-0.7185703942902153,4044000000.0,0.864859502010699
117,Japan,7221000000.0,-0.6305559243363624,4.1190389792551105,0.8336662229672133,3.3437499108623854,-0.8642504267313048,33427000000.0,0.873711356948866,18562000000.0,-0.8514477069733728,25783000000.0,-0.8025627867677172,2676000000.0,-0.08483401355016522,24040000.0,0.8490142109420459,17116000.0,0.40200711024103236,30751000000.0,0.9000391235638732
118,Kazakhstan,111000000.0,-0.39704140329963694,3.93855122168404,0.6786859165436052,4.520577762120474,0.8636705934024125,1716000000.0,0.9000704277349315,1658000000.0,0.864101765977438,1769000000.0,0.7686388435257834,167000000.0,-0.4771972886704823,6509000.0,0.8747654712402183,,0.9876542173743897,1549000000.0,0.9430873025317422
119,Kenya,,,16.360108522229066,-0.34227530004395024,0.8980837135599131,-0.8496242181815659,1620000000.0,0.4426397458973079,145000000.0,-0.6424864448653271,145000000.0,-0.6424864448653271,796000000.0,0.5269336994865169,1268000.0,-0.22818043353665418,,,824000000.0,0.19461861335160016
120,Kyrgyz Republic,121000000.0,0.08937114276510233,19.763100561058767,0.3149430311793405,12.243827246743665,0.6171210058054392,477000000.0,0.3291433383159614,461000000.0,0.8164336407841033,582000000.0,0.7738752041247727,45000000.0,-0.22135943621178655,2930000.0,0.8146951264613423,2129000.0,0.9527405311024598,432000000.0,0.34090671935934
121,Cambodia,146000000.0,0.9290660454532602,26.555134476728455,-0.019257423728158498,5.031779678898964,0.8396960493596144,3523000000.0,0.9872160903845164,594000000.0,0.9661958573993065,740000000.0,0.9676567842656988,311000000.0,0.9305799475020543,5012000.0,0.9857635851528286,1434000.0,0.8572433596095058,3212000000.0,0.9853483296519077
122,Kiribati,,,16.843896933949917,-0.5838229257500365,5.059762640680433,-0.6874484526934088,3400000.0,-0.45328763379737885,8800000.0,-0.43260164166622345,8800000.0,-0.43260164166622345,,,5700.0,0.49705012174770835,,,3400000.0,-0.45328763379737885
123,St. Kitts and Nevis,,,63.83947039399778,0.5434224703694197,6.999364464509253,0.8779024382163978,331000000.0,0.8260438281709004,36000000.0,0.8371506134558186,36000000.0,0.8371506134558186,,,,0.2807951730601453,,,331000000.0,0.8260438281709004
124,"Korea, Rep.",2501000000.0,0.6515912784216042,3.4692223309621295,0.6700934549384161,5.762986098078932,0.6015892279698851,21053000000.0,0.8969615570462913,26642000000.0,0.9211398808322819,29143000000.0,0.9098611676365232,3843000000.0,0.21665068190594067,17242000.0,0.9730400769499569,22383000.0,0.9224349906728421,17210000000.0,0.9393212079317368
125,Kuwait,895000000.0,0.6467494748270857,1.5936104440089582,0.5394651209316443,25.004540229828265,0.887040465058389,831000000.0,0.6556580997258378,12335000000.0,0.9400856986882566,13230000000.0,0.938931723997256,231000000.0,-0.1432027013144944,,0.44337351435979283,,,600000000.0,0.7954042099101921
126,Latin America & Caribbean (excluding high income),13049294382.468939,0.7463801416655583,7.116004140168939,0.497199889117451,5.427277487972751,0.7563474346569505,75263396705.94917,0.9576561313519059,49091087175.30739,0.8219028543372846,62092621149.97149,0.8080509713678088,7026645774.136804,0.8752446989986408,83471505.09200385,0.9479669941253374,60531045.97234532,0.9853191991650285,68483592794.879425,0.960399970231618
127,Lao PDR,100000.0,-0.8387090126645473,17.044723407443776,0.11870929618398424,10.079092125140997,0.7573407223695178,713000000.0,0.9791379821490281,540000000.0,0.9741006534823365,540100000.0,0.9728596391895089,1000000.0,-0.1111777216586011,3315000.0,0.9771212449207568,3059000.0,0.8991285217053635,712000000.0,0.9800859196915557
128,Lebanon,212000000.0,-0.744993801659004,37.882262551313175,0.577756098915417,16.947799035015144,0.2830137018459781,7153000000.0,0.09745432816975072,5040000000.0,0.8750320413043314,5252000000.0,0.7083972826380901,329000000.0,-0.18492108362019194,1688000.0,-0.24365264685117172,,,6824000000.0,0.1316450519194945
129,Liberia,,-0.43540611377593136,,-0.5825504723028674,,0.657267592457082,,-0.4248075921216858,,0.8913612255795424,,0.8426387856521627,,,,,,,,-0.4248075921216858
130,Libya,,0.7523712221575438,,0.6804000063836408,,0.5329326318359162,,0.9289714216839018,,0.9468038821941803,,0.9584925523630335,,0.5268160143812541,,,,,,-0.5806513267897975
131,St. Lucia,,,78.8603169493482,0.8223693738150752,4.912023239561057,-0.5177042727572088,770000000.0,0.8513327277880471,44000000.0,-0.48412291827592707,44000000.0,-0.48412291827592707,,,348000.0,0.9346000363379857,,,770000000.0,0.8513327277880471
132,Latin America & Caribbean,14926198275.34648,0.7734111425359903,8.125872057111012,0.6135368737666064,6.150651989726376,0.845791284695951,96473569214.063,0.9605304699477079,54452696713.52008,0.8345351247183571,69336969386.83327,0.8243779639659786,9489188287.58276,0.8802340788723815,102822439.92476784,0.9452273476029948,67411211.71678537,0.9872034450554389,88692377444.55049,0.9657933915821608
133,Least developed countries: UN classification,3106566646.4065123,0.6641137455278006,10.665409211778508,0.8981021995267316,3.9045703972240577,-0.49361883564983494,21169815927.142063,0.9511639536902166,7902964536.564933,0.9364053114811225,10932281084.690088,0.9574039872627585,3889946435.6344814,0.9666860985161192,28873023.96747057,0.9751257959112188,,,18038399812.116055,0.948086174743019
134,Low income,1528561596.3292477,0.26339053069855345,15.13415985867843,-0.21609820853778794,4.472375350074692,-0.4073990708674964,13821427029.262983,0.9010570702696888,5081675670.457277,0.9229551465008434,6655293024.53429,0.8748697528483589,,,16104549.465083664,0.9340135819750609,,,10396540436.477486,0.8675305574154237
135,Liechtenstein,,,,,,,,,,,,,,,60000.0,0.02239850342439914,,,,
136,Sri Lanka,753000000.0,0.9786613653238707,26.312689143426006,0.9705654536468555,9.790235526583203,0.8525229217202157,4591000000.0,0.9712138196213238,1542000000.0,0.9552614678455668,2295000000.0,0.9635463916417196,1073000000.0,0.978797973984044,2051000.0,0.9892603213963415,1448000.0,0.9585109706209987,3518000000.0,0.965423504277994
137,Lower middle income,,,7.1602021976213095,0.1165021101771868,5.420826253183782,0.42501356228733095,102366152763.59116,0.890272298338015,70516225067.27866,0.9329052794191512,87140884086.58742,0.9246516373103787,,,133242208.92504565,0.9456374033946868,143145073.47856358,0.9868323728699893,89163200899.92651,0.8974553545965959
138,Low & middle income,,,6.178436882992371,0.07087115857963484,8.312182693979333,0.9055454111407478,397013244004.18427,0.9047974809664948,476280023737.89087,0.9700620803876029,514198040831.9868,0.9692188497198577,,,490022253.8533986,0.9806820340413454,525816081.7850592,0.9884130990762521,351996052215.08075,0.9210400864574151
139,Lesotho,4000000.0,-0.4086031347641993,5.103731947452649,0.20098002542782753,8.868657309099518,-0.9314342636327259,48000000.0,0.2914252448293097,166000000.0,-0.7889537647961193,170000000.0,-0.7829769228788234,,,1196000.0,0.8827095496606128,,,48000000.0,0.2914252448293097
140,Late-demographic dividend,,,5.388006629001259,0.0015537410875482408,9.771997215400633,0.9387030980231013,284497808373.9857,0.9341590942906541,427936157802.5881,0.9660456203840386,438928237215.69995,0.96726292116435,,,296010593.12156796,0.9828685630472292,336377677.4104992,0.9650084437016045,239952469918.5877,0.9217905573124743
141,Lithuania,208000000.0,1.0,4.415754532092431,-0.4011546072619859,3.898251214020549,-0.44151033595555483,1405000000.0,0.6812343191602462,1012000000.0,-0.4326951517792639,1220000000.0,-0.12518020560698334,195000000.0,1.0,2296000.0,0.929388789258803,1953000.0,0.7299488207018021,1210000000.0,0.3687814200312912
142,Luxembourg,53000000.0,-0.884722973531095,4.071015850546858,-0.8813798210782114,3.0962019537534546,-0.9207862712211591,4583000000.0,0.21755559823443807,2815000000.0,-0.8681938095062742,2868000000.0,-0.8755833971108201,524000000.0,0.7390457111998793,1054000.0,0.8988738018845702,1393000.0,0.4540403687426224,4059000000.0,0.09895927580469423
143,Latvia,184000000.0,0.21320071635561041,7.744665581132125,0.6689171792540548,5.397025726668945,-0.4369651410724302,1282000000.0,0.8611694499499919,696000000.0,-0.6583502312408908,880000000.0,-0.13049219434168552,415000000.0,0.9909007034792837,1793000.0,0.6755937317710582,1939000.0,-0.6553522967109686,867000000.0,0.6995203648935097
144,"Macao SAR, China",103000000.0,0.7406526732436006,88.66425565736658,0.31771517827939444,8.401921042604116,-0.2548683045982616,30568000000.0,0.7131255928766251,1211000000.0,0.9554881816046066,1314000000.0,0.9545162822018738,536000000.0,0.8364320106923627,15703600.0,0.9645643528668296,1251000.0,0.8746926388360116,30032000000.0,0.7115008707467361
145,St. Martin (French part),,,,,,,,,,,,,,,,,,,,
146,Morocco,852000000.0,0.2977580401663893,23.119490149334982,-0.9045802969535407,5.1086474438866105,0.2563620114552361,7921000000.0,-0.32321041700088493,1457000000.0,0.9186021509173847,2309000000.0,0.7684721642651418,1365000000.0,-0.18808072199729553,10332000.0,0.9418389383787535,1864000.0,-0.7845263647764544,6556000000.0,-0.3411627392395262
147,Monaco,,,,,,,,,,,,,,,336000.0,0.6585845379957628,,,,
148,Moldova,76000000.0,0.6214892268914037,12.762331458183121,-0.2756088820480516,7.393549688014608,0.30440707228970276,331000000.0,0.6752408488582446,254000000.0,0.30097776986151914,330000000.0,0.3912413567251016,88000000.0,0.673632309056564,121000.0,0.9001465617346779,177000.0,0.9686593567442816,243000000.0,0.6615268977404744
149,Madagascar,159000000.0,0.3975985821361839,27.284287788317947,0.8614131508332381,8.575966770048383,0.74954382774979,913000000.0,0.9377009106706119,141000000.0,0.42114217753111854,300000000.0,0.46696154057510714,163000000.0,0.23482401939735448,293000.0,-0.04499500213347405,,,750000000.0,0.9388953578113212
150,Maldives,63000000.0,0.8418032108537591,90.99129788034605,0.6261783126079532,10.849787813260608,-0.3822855920179955,2864000000.0,0.969406770297264,284000000.0,0.825110391711231,347000000.0,0.852752234859753,134000000.0,0.9579380748000835,1286000.0,0.9823300180181701,,,2730000000.0,0.9657297266713798
151,Middle East & North Africa,13937207048.289282,0.6481881583740885,9.779604737110695,0.3595366570258928,10.622604643564985,0.7637802798732463,92000532994.93259,0.9045541712375076,103986120383.87589,0.9475416413609131,108785783117.75359,0.9761681619549223,18724985147.175964,0.9418424636068158,82868321.63619485,0.5550970044514602,,,71139019317.0619,0.1157370297716211
152,Mexico,2520000000.0,0.8478134998355806,5.1689605669161995,0.019728592324289418,3.0469405974105426,-0.10576264013382332,20619000000.0,0.8045804387633707,10303000000.0,0.8538120594698876,12823000000.0,0.8895584083792579,969000000.0,-0.3216419147018724,35079000.0,0.8792949843541369,20223000.0,0.930047680820859,19650000000.0,0.8597324068507551
153,Marshall Islands,,-0.29772181635302847,,-0.7800281945634128,,-0.8362449762572252,,0.8976963281656583,,0.5396395315621744,,0.11951019166912369,,0.4283272386688588,9800.0,0.5520442348325176,,,,0.9060159994355492
154,Middle income,,,6.094275563553625,0.12736756327012566,8.385202561799625,0.9082437578599382,386109689663.5048,0.9044107836407543,470731342459.64166,0.9700340056581901,507063439633.0573,0.9692704903908195,,,469887609.5225101,0.9800178773337808,482503722.30221534,0.988386612723187,343520150511.18427,0.9217723843349208
155,"Macedonia, FYR",24000000.0,-0.9345032598161789,5.259755120844072,-0.5544932084623297,2.914077977923987,0.15778330436267227,283000000.0,0.6345484323617477,180000000.0,0.7630717746296984,204000000.0,0.5614554121463726,3000000.0,-0.6604314430923259,510000.0,0.982995550319852,,,280000000.0,0.8237139508938744
156,Mali,,-0.061793310618269114,,-0.8409196862416513,,-0.8157823820985731,,-0.5518950285731944,,0.34246118604959164,,-0.2814857992208253,,-0.7182091850193858,173200.0,-0.24618013030959499,,,,-0.5184074177226344
157,Malta,,,9.302503012320331,0.9011562410583929,2.8588675633903895,0.8813612417241101,1451000000.0,0.877214818301324,408000000.0,0.9256873421580802,408000000.0,0.9256873421580802,,,1966000.0,0.9643275842384557,497000.0,0.9720440271476489,1451000000.0,0.877214818301324
158,Myanmar,547000000.0,0.6771139457594991,17.39303688290631,0.962059088556263,3.81026392197523,0.33250097548009355,2269000000.0,0.9475056710815304,37000000.0,-0.10459287974592102,584000000.0,0.6867471951730366,92000000.0,0.7208581986169005,2907000.0,0.8496029930317274,,,2177000000.0,0.953374828420118
159,Middle East & North Africa (excluding high income),,-0.8998913078220988,15.077079803121721,0.3426920055381271,7.110932768260222,0.6521033368982143,33224534388.74508,-0.6188629403392419,,0.9149162135192945,,0.8460532253448884,4210253667.3074584,-0.4367041253128266,40781781.986101195,-0.388171758902163,,,29017168265.26765,-0.6147579273541758
160,Montenegro,25000000.0,-0.45699878727001575,55.01011812639195,0.5467543370951546,3.301746603627595,0.7124744975087903,978000000.0,0.8047650382557177,66000000.0,0.4984149383923604,91000000.0,0.2674027623046097,45000000.0,-0.258248538606335,1662000.0,0.972773152435529,,,933000000.0,0.8044234633379458
161,Mongolia,54000000.0,0.4904715157936796,6.761988894685643,-0.6321746690781714,9.562281264875153,0.3747571273392507,379000000.0,0.42102955783984497,482000000.0,0.7937629169922839,536000000.0,0.7795508906708666,63000000.0,0.6889726987315984,404000.0,-0.6850074147393312,,,316000000.0,0.28408038620316733
162,Northern Mariana Islands,,,,,,,,,,,,,,,531000.0,0.859577560179471,,,,
163,Mozambique,60000000.0,0.8127348827371349,3.0249270004036855,-0.8230282640550454,3.873276717304594,-0.6524539692318408,114000000.0,-0.21985958603533234,245000000.0,0.5791739616696405,305000000.0,0.8544533406213163,6000000.0,-0.5729640836833204,1639000.0,0.3254790205007213,,,108000000.0,-0.08870205925494165
164,Mauritania,33000000.0,-0.6377354524441281,1.9753259334265794,0.911363171801254,2.953562817432937,0.7000261756668078,33000000.0,-0.9271176428172484,41000000.0,-0.821726015688814,74000000.0,-0.7457145737907431,3000000.0,-0.26802813370944867,,,,,30000000.0,-0.96
165,Mauritius,67000000.0,0.546027558023746,34.79575599704876,-0.4259651933687361,10.08798772943618,0.39678887585289035,1824000000.0,0.29043204017523505,586000000.0,0.7595887981940881,653000000.0,0.7421428208311099,253000000.0,-0.761056778367304,1275000.0,0.8909075665243866,260000.0,0.7603172212358341,1571000000.0,0.528104573317411
166,Malawi,40000000.0,0.8569949232681969,3.533473025553073,-0.5032116329112609,5.490169457765032,0.3938234668230175,43000000.0,-0.39948700518291214,90000000.0,0.8456131023582428,130000000.0,0.8694196151720022,5000000.0,-0.7917812266363954,849000.0,0.9456813025477466,,,38000000.0,0.5763539780776888
167,Malaysia,,-1.0,8.991622127226556,0.35249270430007135,5.779267621397784,0.8966880018891434,18084000000.0,0.25253746192568793,10468000000.0,0.7514422266218922,10468000000.0,0.7231835764651317,,-1.0,26757000.0,0.8992911081545129,,,18084000000.0,0.512279646267705
168,North America,43724159267.68315,0.9008483756475999,9.810237166360665,0.8721305769495766,5.894442569617492,0.5765352169777853,263430999999.99997,0.9593357012636103,152954999999.99997,0.9312458040412007,190277000000.0,0.9185337879065965,41295826727.09611,0.8075265148803439,95676000.0,0.9679101283168995,,0.8824921109854262,224660999999.9999,0.9716635300810564
169,Namibia,11000000.0,0.5616549103864991,9.26615008821196,-0.43555836061496944,1.3076917896678362,-0.3037117351574965,378000000.0,-0.17224278398970425,72000000.0,-0.10797822911845895,83000000.0,0.026991039360659334,71000000.0,-0.3986226227686804,1469000.0,0.9691529502158454,,,307000000.0,0.07605890036283602
170,New Caledonia,,,,0.13582460603635796,,-0.4339407364400793,,0.6354033644082681,,-0.6252515061144474,,-0.6252515061144474,,,116000.0,0.7687959264685797,134000.0,0.633175820197728,,0.6354033644082681
171,Niger,,0.512131066751895,,-0.4900062694315053,,0.06088472630493897,,-0.04150006371802594,,0.042427764581383164,,0.5531339807804642,,0.2354235489945076,152000.0,0.9619763675502756,,,,-0.08588438765916252
172,Nigeria,3435000000.0,0.8672959674679408,2.8245457689687448,0.34608536652935323,9.606109498097123,-0.6673467500724801,1085000000.0,-0.19213565409867506,1076000000.0,-0.6778845688094854,4511000000.0,-0.37633496271486333,18000000.0,-0.833711587581573,1889000.0,0.09221108716671993,,,1067000000.0,0.3203312073861662
173,Nicaragua,149000000.0,0.7075076500418906,12.428131714966026,0.08196322837481718,6.229938919511898,-0.3447348311442034,642000000.0,0.9348439372577404,311000000.0,0.28631339320915267,460000000.0,0.3794231833012687,,,1504000.0,0.9972658187611664,981000.0,0.5657642340569214,642000000.0,0.9348439372577404
174,Netherlands,2251000000.0,0.80791687394744,2.858389581919024,0.8739280548677031,3.659320558701257,0.21744727138109143,18317000000.0,0.8315472350371439,18070000000.0,-0.18283022826678016,20321000000.0,0.471329402696297,4272000000.0,-0.9047987096461024,15828000.0,0.9774865777318514,17938000.0,-0.7025020436143471,14045000000.0,0.6938881759904497
175,Norway,1227000000.0,0.46741883189752903,4.907809426688415,0.9303604779111587,13.531815369212104,0.8783470959427978,6196000000.0,0.6079042666032269,15429000000.0,0.5874800974571621,16656000000.0,0.5831422097617353,974000000.0,0.604292162950434,5960000.0,0.8423243760045778,8030000.0,0.5810054212914271,5222000000.0,0.5361720028275823
176,Nepal,47000000.0,-0.3110419983453775,23.5284959918273,-0.22324331370799447,6.3304534229116705,-0.7495739948351358,498000000.0,0.8305236576522725,587000000.0,0.7857811268405777,634000000.0,0.6450143935991457,52000000.0,0.5084394145794289,753000.0,0.5376193279716509,,0.9773895370376021,446000000.0,0.7742610623054217
177,Nauru,,,,,,,,,,,,,,,,,,,,
178,New Zealand,,,19.404677358107563,0.3944921213340732,8.439359029422992,0.6851370290699476,9418000000.0,0.9090161367186865,4010000000.0,0.8764654133994574,4010000000.0,0.8764654133994574,,,3370000.0,0.9061008865782721,2611000.0,0.9587115214477283,9418000000.0,0.9090161367186865
179,OECD members,133246650907.21095,0.5483332613326701,6.7636269622635155,0.5957709576793068,5.765813989996937,-0.06796540150174325,863804000000.0,0.8521834736173678,625288000000.0,0.5786946974368354,724593000000.0,0.5658992385164866,154069184941.65622,0.827092148467787,681890000.0,0.9640365418312866,635998321.9813346,0.8539882246806694,743148999999.9998,0.8509049637388507
180,Oman,505000000.0,0.7465086564540705,8.01643093306817,0.7381587090126736,8.462417422121424,0.5783185497157481,2497000000.0,0.977000738303544,2138000000.0,0.979883796874344,2643000000.0,0.9689917518052762,772000000.0,0.9281743857200505,2292000.0,0.675076227427826,4167000.0,0.9644101731193802,1725000000.0,0.9751652507391572
181,Other small states,,,18.143898465298808,0.11231092418405193,12.99880772416992,0.9549938208921802,,,,,,,,,38130258.87211555,0.911739311522371,,,,
182,Pakistan,1055000000.0,0.7536844601301262,3.2785050911939133,-0.8062120716049543,5.255654452279121,0.6128236431435415,879000000.0,-0.5002808853594415,1673000000.0,0.5884552567137635,2728000000.0,0.6996151636197339,556000000.0,-0.6454766820227114,,0.7001569647593432,,,323000000.0,0.046983018218498394
183,Panama,207000000.0,0.7058865787567897,23.85439763488544,0.9683707814157356,4.508785942492013,0.746076241928998,6455000000.0,0.9777366247200497,922000000.0,0.907344460136202,1129000000.0,0.9006415128810408,2049000000.0,0.9447012307105529,2007000.0,0.9649216278778099,770000.0,0.9088754085934745,4406000000.0,0.9857237467491777
184,Peru,658000000.0,0.9825745290464051,9.979956916388852,0.7015222942332924,6.219539166953112,0.4393024377128777,4303000000.0,0.9659471671770479,2029000000.0,0.9762279377936883,2687000000.0,0.9803016921111357,802000000.0,0.8988127436780932,3744000.0,0.9932240374393732,2751000.0,0.9895709725202524,3501000000.0,0.9702781192719532
185,Philippines,546000000.0,0.602296852082849,8.565281136965423,0.9056382065867113,11.43066905289987,0.914099254223028,6333000000.0,0.9674692528299407,11164000000.0,0.9708272263626759,11710000000.0,0.9714707512826994,1180000000.0,0.9364457227985333,5967000.0,0.9868688866485756,,-0.9999999999999999,5153000000.0,0.9611291944352005
186,Palau,,-0.7579934999607302,,0.8575494661474271,,-0.734103686335548,,0.9577542929048356,,0.8196942227730121,,0.5124922829595926,,0.6681531047810609,138000.0,0.912155079546405,,,,0.9633141409136893
187,Papua New Guinea,7000000.0,-0.23737981365203506,0.019214388773922283,-0.6910907174350505,3.9998947852011857,0.7972179990995242,1600000.0,-0.40911430844510605,119000000.0,0.46492354379825024,126000000.0,0.31376644971983825,800000.0,-0.3725307386887698,,0.9731294738477378,,,800000.0,-0.2697014034366256
188,Poland,633000000.0,-0.07018543502009189,4.896161721212909,-0.8775907429682804,3.7909083310236817,-0.839729596255234,12052000000.0,0.3129631840539609,7984000000.0,-0.319549637133058,8617000000.0,-0.31076968921214804,1075000000.0,0.3574595988443373,17471000.0,0.9547051529690479,44500000.0,-0.11380040300058168,10977000000.0,0.2907676263220808
189,Pre-demographic dividend,6114046045.45426,0.8744329335518533,7.312263366196896,0.7753428059559688,6.906473571530024,0.14649217447610008,15225256868.950615,0.9311113036181948,11370184985.243008,0.04494529898566227,16997055737.336838,0.43339614601168314,1710418452.2699294,0.30682807200850704,18571327.923337962,0.9281887603409225,,,13759287277.684704,0.9366891760261258
190,Puerto Rico,332000000.0,-0.8668909427846414,,,,,3985000000.0,0.6559640852018812,759000000.0,-0.7620467260086246,1091000000.0,-0.8052229845697985,,,3736000.0,0.23744875962011663,789000.0,-0.8757359641527566,,
191,"Korea, Dem. Peoples Rep.",,,,,,,,,,,,,,,,,,,,
192,Portugal,647000000.0,-0.4274581261440202,20.481338438210585,0.7581918412771272,6.161903045475188,0.9083628869675949,17185000000.0,0.8459879769208368,4261000000.0,0.28063056035494005,4908000000.0,0.06538576061270038,3131000000.0,0.4063700292874829,11223000.0,0.930709691706279,,0.8734799825703774,14054000000.0,0.8773333610797462
193,Paraguay,213000000.0,0.9916664484627541,2.999935599642274,0.6744374676044755,4.7754951369535785,0.8599486314122975,356000000.0,0.9482908719900288,299000000.0,0.9891985926008995,512000000.0,0.992087836401617,30000000.0,0.8742603789438721,1308000.0,0.8634797570264914,1503000.0,0.8037652997099731,326000000.0,0.9440292243246302
194,West Bank and Gaza,15000000.0,0.3462440042599056,11.9294496547926,-0.2503845374326967,8.627514009683575,-0.7213602952817009,284000000.0,0.24471610998334367,643000000.0,0.7026019155975152,658000000.0,0.716675566798933,,,400000.0,0.22369986911961845,,,284000000.0,0.24471610998334367
195,Pacific island small states,,-0.6768154536434539,,-0.4881982843420869,,-0.7111120168641686,,0.8677519536065949,,0.7109206897219191,,0.4972123136146698,,0.5289658562672039,1294722.093488095,0.9678311561985925,,,,0.8946593390902338
196,Post-demographic dividend,140737016360.55713,0.5075068083630329,6.989305238989771,0.7778838339758971,5.924895316838561,0.05112331862026261,886526876056.0225,0.8490428850038242,639790156140.2114,0.6475853290890373,734006529210.3772,0.6146548000064628,150193837956.87424,0.7699357016263483,681543100.0,0.9708287563232785,680337362.2656329,0.9144337451942683,775296069764.4716,0.8564281924289858
197,French Polynesia,,,,0.980621588756393,,0.7967286874909907,,0.07179530328897343,,-0.34920634920634924,,-0.34920634920634924,,,192000.0,0.33795004600218803,,-0.9642857142857144,,0.07179530328897343
198,Qatar,4063000000.0,-0.9012976820580405,17.373407670470687,0.9444107751885845,20.71987881410951,0.8180794112905427,12593000000.0,0.9828530751971954,9089000000.0,0.9066118447506398,13152000000.0,0.8469647003836358,7182000000.0,0.986781995333735,2938200.0,0.9818356853130141,,,5411000000.0,0.9700217469384612
199,Romania,321000000.0,-0.007140744377995868,2.7897784164590775,-0.778094888443161,3.1105948759681934,0.4876127535313546,2166000000.0,0.0932052016788007,2148000000.0,0.5238566009967782,2469000000.0,0.5448713689433743,436000000.0,-0.7202080866093933,10223000.0,0.6402172405006158,16128000.0,0.5370081344116537,1730000000.0,0.3174308198303148
200,Russian Federation,3701000000.0,0.36243444628848626,3.8577471749289938,0.5719616056524616,10.388164284918659,0.7709868468439846,12823000000.0,0.09376840405539245,23951000000.0,0.42666572661896984,27652000000.0,0.42397766258365255,5035000000.0,0.48084125975838865,24571000.0,0.6705595745449345,31659000.0,0.029252963739033296,7788000000.0,-0.3493697248979279
201,Rwanda,43000000.0,-0.7789240586062482,30.10802825942723,-0.5267905217311076,9.888658177966764,0.5102971574538918,470000000.0,0.9757739788400087,266000000.0,0.7589236169714363,309000000.0,0.6795431980941863,80000000.0,0.8726672473878666,932000.0,0.9493538046932732,,,390000000.0,0.9785067146588113
202,South Asia,,,6.220892300905907,0.7981048904562724,4.240293770993768,0.5611647414017397,32306000000.000004,0.9842269096483675,21082000000.0,0.9392974513516502,26177000000.0,0.9300851174067456,,,21293009.214392688,0.9294050238396949,30194692.247700755,0.9948698387947543,29736999999.999996,0.985336859355084
203,Saudi Arabia,1012000000.0,0.961977956715803,6.0435106235797384,0.6550434690436076,9.959607323774833,-0.44458380816924,12139000000.0,0.9285714877289974,18719000000.0,0.3001272051551181,19731000000.0,0.3167753438562131,1043000000.0,0.8863668257983275,18049000.0,0.811098219885286,21118000.0,0.8604031714041964,11096000000.0,0.9163181126855525
204,Sudan,,,21.754083084081387,0.9236805677176957,2.2763733229142002,-0.9564368366067124,1009000000.0,0.8952641861324708,203000000.0,-0.9520785392448743,203000000.0,-0.9520785392448743,,,,0.9756493478166323,,,1009000000.0,0.8952641861324708
205,Senegal,,0.5581929921233134,,-0.9532091508053925,,-0.5820533796798963,,-0.531742010831386,,-0.8162561570686283,,0.19880907624240035,,0.08600985860587959,,0.8080187053149053,,,,-0.798415247530646
206,Singapore,,,3.529114888339403,0.8249756639284022,5.0226265765488405,0.6951269249576958,18386000000.0,0.7709693482860549,22102000000.0,0.7873026395630485,22102000000.0,0.7873026395630485,,,12914000.0,0.9588643041924219,9474000.0,0.9948263619348134,18386000000.0,0.7709693482860549
207,Solomon Islands,200000.0,-0.8628669432201744,12.796024097544406,-0.48474516026736103,11.952933037250547,0.12043093508907754,71000000.0,0.8165644845503507,74700000.0,0.8386895483141009,74900000.0,0.8279467344699305,12000000.0,0.824946612061458,23200.0,0.6437755252812795,,,59000000.0,0.7995833063824457
208,Sierra Leone,,0.2268950025719732,,-0.8106482003916032,,-0.6049842870876821,,0.427205011454287,,0.5819143739626464,,0.5654877304098621,,,55000.0,0.20757487426588242,92000.0,0.2402307274458669,,0.427205011454287
209,El Salvador,39000000.0,-0.775695575799147,16.881855960174327,0.7412513621112263,4.204218328787138,0.059351369531241635,1161000000.0,0.9075503768648895,412000000.0,0.7579873809050478,451000000.0,0.548036809379883,332000000.0,0.6928036542709298,1434000.0,0.6124781927942858,1804000.0,0.9159022403870059,829000000.0,0.9335513775890254
210,San Marino,,,,,,,,,,,,,,,60000.0,-0.7804058802538859,,,,
211,Somalia,,,,,,,,,,,,,,,,,,,,
212,Serbia,149000000.0,-0.23878792106729801,7.59168733443473,-0.49192419556184735,6.232021647936504,0.4111834858491637,1460000000.0,0.869087055099656,1202000000.0,0.3056311322311237,1351000000.0,0.23529496197241517,310000000.0,0.8367807646510257,1281000.0,0.9716676788620829,,,1150000000.0,0.8098798354110908
213,Sub-Saharan Africa (excluding high income),10014679117.020466,0.8304130160033846,9.536640487683384,0.7142241785309491,5.52975013142006,-0.7731085075935503,30641330207.375362,0.7739692544439576,12112840828.657755,-0.7027260970398601,21329072547.04323,-0.2416385728611749,5453639174.673135,0.6726822477685434,40163295.07541732,0.9577296746280516,,,25668921401.181908,0.7991408061929054
214,South Sudan,133000000.0,-0.9999999999999999,1.796732241022073,0.9523260473702904,3.460525806326712,0.28101535678930584,23500000.0,0.894051921444521,10000000.0,-0.9924336870116702,143000000.0,0.1987054670860304,500000.0,-0.9999999999999999,,,,,23000000.0,0.9665704406521509
215,Sub-Saharan Africa,10056165746.17059,0.8317996163335685,9.676050299219796,0.712334626589994,5.532551385999252,-0.7729791860431925,31198802043.20548,0.7793739933536727,12171155922.235315,-0.702983522468218,21428739882.997776,-0.24003496335273689,5561742958.942035,0.6805785485713104,40481535.9320344,0.9585043554082613,,,26126468274.62327,0.8028054410450579
216,Small states,,,20.71365275893649,0.041693156920999355,11.896078284852196,0.9663132990249829,,,19222567239.07388,0.9181204159494855,25473504257.05513,0.9185713469514831,,,45731037.004863724,0.9267119154530405,,,,
217,Sao Tome and Principe,5200000.0,0.8932745653883268,71.6624710134514,0.9300947147882439,11.090861285218324,0.8877255768322861,69200000.0,0.9357585674813903,15300000.0,0.8490553662542919,20500000.0,0.8751356447111751,300000.0,0.3162277660168379,29000.0,0.851744890124364,,,68900000.0,0.9355773840608288
218,Suriname,1000000.0,0.14969103983674978,4.606773371650674,0.459362560579014,6.579464560162782,0.8436833629139064,74000000.0,0.4924148073244168,111000000.0,0.956008239135626,112000000.0,0.9455545263283643,9000000.0,0.8215838362577492,256000.0,0.8669346717802072,,,65000000.0,0.4159465257665059
219,Slovak Republic,175000000.0,-0.6202177493953994,3.3819153411676495,-0.5756406037721454,3.001483633128838,-0.5775692673129021,2800000000.0,-0.040766984341658305,2240000000.0,0.48385516359490205,2415000000.0,0.07696384510756808,49000000.0,-0.7778562299421683,2027000.0,0.551573553449616,3095000.0,-0.516500320746367,2751000000.0,0.4841945195780523
220,Slovenia,178000000.0,-0.6085368965604213,7.56159793478514,-0.7040190632979325,3.676283135772998,-0.698609073062833,2627000000.0,-0.4508557039949952,948000000.0,-0.9046550397634642,1126000000.0,-0.8839515007679347,200000000.0,-0.4418525170480886,3032000.0,0.9297894515724265,2853000.0,0.5193098355104362,2427000000.0,-0.40044302217182354
221,Sweden,,0.08378450188144747,5.616754525533475,0.3022611175826308,7.169573176780461,0.30601811697225423,12633000000.0,0.5438485323342745,14480000000.0,0.7496318200269935,14480000000.0,0.4991497554245374,,0.9898103197337507,6782000.0,0.9152845998564336,,0.8645367026516593,12633000000.0,0.8427365795275717
222,Eswatini,3000000.0,-0.5879475887779102,0.7459127990724896,-0.6633592333113146,2.4131839917986735,0.015433660665720739,13200000.0,-0.615784308623768,35000000.0,-0.3111010597138934,38000000.0,-0.43755274348328904,200000.0,0.10954451150103323,947000.0,0.6538087590355951,1789000.0,0.957686981518793,13000000.0,-0.6176341167606366
223,Sint Maarten (Dutch part),16000000.0,0.4513034340802564,74.84470260669173,0.8359742247117968,10.095483104932487,-0.5823711007038248,871000000.0,0.9050273906516925,98000000.0,0.7638468187495328,114000000.0,0.7886242602432936,14000000.0,0.9221785202120552,528000.0,0.7498833171856116,,,857000000.0,0.9033130406052926
224,Seychelles,39000000.0,0.6252817358794397,37.32659647485549,-0.7435975725297473,6.139716236744569,-0.4565661750162252,505000000.0,0.8646860958312186,53000000.0,0.2624639288773397,92000000.0,0.43902631782628676,91000000.0,-0.14054438852009538,303000.0,0.9758710442526952,68000.0,0.3649796395356968,414000000.0,0.8290835287888015
225,Syrian Arab Republic,,-0.9988677105257201,,0.9999992312734903,,0.9810809148871475,,-0.10659755991748235,,0.20361685687148967,,0.16218370208244964,,0.6016544083166141,,0.11327461705799598,,0.8495345062850618,,-0.12250925813725679
226,Turks and Caicos Islands,,,,,,,,,,,,,,,454000.0,0.5039497450537614,,,,
227,Chad,,,,,,,,,,,,,,,,0.9642973705591726,,0.8267660277680358,,
228,East Asia & Pacific (IDA & IBRD countries),,,4.725866012776513,-0.2387203545378305,11.010193932869939,0.9144284830132517,150897073516.31464,0.9330265849515179,314616582958.80145,0.9638567805116819,312226541489.75635,0.9632773813115976,,,159243734.87762022,0.9912804099210833,181916958.16991562,0.9918043211111834,140066396534.04028,0.9350197805272423
229,Europe & Central Asia (IDA & IBRD countries),6880684672.055026,0.22096465209321825,7.752287207609406,0.1913103993058043,5.9842080254152,0.6918146675003816,85466525384.2222,0.39256928446034123,57229430903.726494,0.5020208008655783,64112282988.893654,0.4856716297432844,17849690645.0949,0.761410098936577,158968957.81757808,0.8534751887736928,171635569.44120196,0.6534465213693891,67826812755.91176,0.13303223913177187
230,Togo,,-0.8726239231422774,,0.9246172036613062,,-0.8198329802703602,,0.889697077850098,,0.1818998080750152,,-0.6696357279607547,,0.8449399242120088,338000.0,0.8446716383958135,,,,0.9156920955692492
231,Thailand,2195000000.0,0.7450890953769423,18.60884525085103,0.9527518474732911,5.094228250065872,0.5672755698056766,52465000000.0,0.9664070205331111,9072000000.0,0.9537437971190674,11267000000.0,0.9407895675799343,3673000000.0,-0.5967016837089181,32530000.0,0.9769542766018491,8204000.0,0.9599264833180187,48792000000.0,0.9704162914745227
232,Tajikistan,21000000.0,-0.5494272143598143,16.631063110582218,0.6914415416508637,0.8415072533408958,0.5785550318376221,149600000.0,0.5542280898172816,3600000.0,-0.7202688674566794,24600000.0,0.4579502390924285,146000000.0,0.5541665127650227,,0.2964430462636839,,0.47739603762933147,3600000.0,-0.3532264803147745
233,Turkmenistan,,,,,,,,,,,,,,,,,,,,
234,Latin America & the Caribbean (IDA & IBRD countries),14128946794.543829,0.7831027740617682,7.639421939266671,0.6097988280418232,6.0852017061253605,0.850536964608517,79779327882.89128,0.9658792106438159,51727007491.569595,0.8343359509477257,65796847383.4559,0.825801522698366,8414898574.669329,0.8917701219013815,88998417.88939051,0.9526781013446309,65595610.1033829,0.9892383314211111,71626308214.99352,0.9681116136266423
235,Timor-Leste,16000000.0,0.7097954098256227,59.92936600930352,0.8349020538844107,10.123742157209877,0.5898887300911076,58000000.0,0.9151239635315379,102000000.0,0.7540775267275579,118000000.0,0.799747878472582,,,66000.0,0.8058909967756285,,,58000000.0,0.9151239635315379
236,Middle East & North Africa (IDA & IBRD countries),,-0.9005783410963281,15.117853943923127,0.3445531071151556,7.069297786029781,0.654828266407805,32948689895.501324,-0.6266754102071131,,0.9097795798727344,,0.8355846657107111,4202899563.1057367,-0.4367041253128267,40386055.527126506,-0.3964876055809333,,,28741287499.436264,-0.6225096642205133
237,Tonga,,-0.560553709675444,,0.8688391159539834,,0.6304832804188845,,0.9578968767106782,,0.9289703152377171,,0.7409712377349662,,0.9700731577489434,59100.0,0.7332735962625964,,,,0.9501644763493884
238,South Asia (IDA & IBRD),,,6.220892300905908,0.7981048904562723,4.240293770993767,0.5611647414017394,32306000000.000004,0.9842269096483675,21082000000.0,0.9392974513516502,26177000000.0,0.9300851174067456,,,21293009.214392688,0.9294050238396949,30194692.24770076,0.9948698387947543,29736999999.999996,0.985336859355084
239,Sub-Saharan Africa (IDA & IBRD countries),10056165746.17059,0.8317996163335685,9.676050299219796,0.7123346265899945,5.532551385999252,-0.7729791860431927,31198802043.205482,0.7793739933536727,12171155922.235315,-0.702983522468218,21428739882.997776,-0.24003496335273689,5561742958.942035,0.6805785485713104,40481535.93203441,0.9585043554082615,,,26126468274.62327,0.8028054410450579
240,Trinidad and Tobago,43000000.0,0.7310299322905744,7.651441459259889,0.7414762792854378,2.1944182283717133,0.5617002930704373,708000000.0,0.7261052129622911,169000000.0,0.6472693548391528,212000000.0,0.6936484372925779,244000000.0,0.523293115462861,410000.0,0.013725509740583413,,1.0,464000000.0,0.6846744690346109
241,Tunisia,74000000.0,0.01462936059936597,10.095192732395008,-0.7934419113985893,3.848482955196891,0.9453996085129523,1706000000.0,-0.8826941720958015,749000000.0,0.952486243796058,823000000.0,0.9346044448650431,470000000.0,-0.8811242700573347,5724000.0,-0.6052243150673633,1830000.0,-0.5083873124642377,1236000000.0,-0.8748728020509132
242,Turkey,242000000.0,-0.9197437397672648,14.202036538522925,-0.03444147162572132,2.3525831597181583,-0.30476504057505927,26695000000.0,0.5527784833171864,4783000000.0,0.5360739249031131,5025000000.0,0.31705673204496143,7952000000.0,0.929633645068925,30289000.0,0.5576948595968204,7892000.0,0.9044195935765595,18743000000.0,0.13148698141122486
243,Tuvalu,,0.7027642214999339,,-0.8841612549105209,,0.26423999752102995,,0.7486870254745867,,0.20991677752753796,,0.3057013620918464,,,2500.0,0.46764724546215475,,,,0.7486870254745867
244,Tanzania,87000000.0,0.8354144331508896,23.2177123122148,0.20113862828828538,8.665780837205347,-0.029540300756691444,2157000000.0,0.9410372759069412,832000000.0,0.6904248183343605,919000000.0,0.7451139108750787,25000000.0,0.3303738250561242,1233000.0,0.9554930505925162,,,2132000000.0,0.9422703714002364
245,Uganda,9000000.0,-0.7206027219579124,16.040641020201534,-0.011887066731844266,6.181758593609297,-0.02719110456533738,768000000.0,0.48144380913286405,387000000.0,0.5337399122806633,396000000.0,0.2864032613083919,,-0.6127368346781745,1323000.0,0.9435054409090942,568000.0,0.9578051953161226,768000000.0,0.5054759961037886
246,Ukraine,336000000.0,-0.5620038446805866,3.7450008694140147,-0.8873568000101291,10.146585082251578,0.8246610424701356,1723000000.0,-0.7572575349847307,4987000000.0,0.6653061567077108,5323000000.0,0.5906951811158466,645000000.0,-0.5819417413512586,13333000.0,-0.7654010783713462,24668000.0,0.9504740760490474,1078000000.0,-0.763006833127014
247,Upper middle income,,,5.791279284322412,0.12418918045261418,9.429818129828336,0.9281498399437998,283666948336.0765,0.8995270973391121,396237321265.49084,0.9703805451343204,419741809286.0637,0.9700551132371985,,,337029449.0677625,0.9817605710118773,314297763.8622662,0.9875138005086668,255808166983.92242,0.9191500145178483
248,Uruguay,631000000.0,0.7631745475696656,14.717307814373834,-0.39994090824034584,13.07817760020602,0.9526259480804169,2156000000.0,0.61066814837858,915000000.0,0.8212463072624708,1546000000.0,0.9357473318753415,331000000.0,0.27760060543495146,3037000.0,0.868203736581275,1715000.0,0.8336091172492349,1825000000.0,0.5846231182359449
249,United States,37198000000.0,0.9092663611269554,11.08243349058975,0.8611948291742787,5.927976511916369,0.5969366537351277,244708000000.0,0.9649174502452881,123620000000.0,0.9052752892441362,160818000000.0,0.9155942973454844,38770000000.0,0.828433819563808,75608000.0,0.9658523726959476,,0.6344961279930768,205938000000.0,0.9722015778429975
250,Uzbekistan,,,,,,,,0.9914417973005017,,,,,,,,0.8714103084293159,,0.9877250426232831,,0.9914417973005017
251,St. Vincent and the Grenadines,,,72.77520801380433,0.8695512212519,5.808475877249591,0.6784866200515534,208000000.0,0.8390933108461839,24000000.0,0.6778454221346845,24000000.0,0.6778454221346845,,,79000.0,-0.2687764920441989,,,208000000.0,0.8390933108461839
252,"Venezuela, RB",1108000000.0,0.30547292156477324,1.903500209175847,0.3459541199644176,11.313444401394808,0.810220549685607,546000000.0,-0.8465866428832461,1812000000.0,0.2002865883695021,2920000000.0,0.2563780555530678,73000000.0,0.562747582736418,601000.0,0.3415813371830887,1530000.0,-0.24551495714872631,473000000.0,-0.8504934071120828
253,British Virgin Islands,,,,,,,,0.5895378417672344,,,,,,,408000.0,0.9042892087351505,,-0.7022969708981988,,
254,Virgin Islands (U.S.),,,,,,,,0.7488086673407229,,,,,,,,0.8395868804125268,,,,
255,Vietnam,,,4.367806355290605,-0.7796012595419182,2.52955305682064,0.7534814279872761,8250000000.0,0.941733267868043,,,4560000000.0,0.919839525974537,,,10013000.0,0.9707543180000187,,,,
256,Vanuatu,,0.3947710169758614,,0.7013640547504117,,0.15630072295309633,,0.7781543836537053,,0.5631656948697363,,0.5684288205832262,,0.7679828056653285,95100.0,0.14898218226551935,25000.0,0.9267142720953764,,0.7707791557413307
257,World,228328463359.91077,0.667985399721864,6.696385743200276,0.5860085868397312,6.749514209463097,0.7301149114137264,1392515894248.541,0.8973670849438794,1210152175522.3787,0.9372842310894232,1361921247980.804,0.9277832501639038,253086251861.4866,0.8328179282722974,1244960952.224987,0.98108917735248,1458775936.0405462,0.983060822501885,1212432299521.8538,0.8990025756259126
258,Samoa,,-0.6555756582142463,,-0.4623639201123795,,-0.9284002231125386,,0.6752984000921358,,-0.8135895351103821,,-0.8218298902103501,,0.16102273145729182,134000.0,0.6127798579321903,,0.3793946139622372,,0.6742136264193601
259,Kosovo,,,,,,,,,,,,,,,,,,,,
260,"Yemen, Rep.",,-0.3498634248573995,,-0.253488704303614,,-0.8368720886323873,,-0.35558088673550897,,-0.8804251936816965,,-0.8893824509433363,,-0.4134264983181804,,-0.6061332702296692,,,,-0.5023470966718653
261,South Africa,2496000000.0,0.3470694523368263,9.658865732297178,0.09350541457294965,5.997527295090118,-0.6724506568565589,8807000000.0,-0.00019593249366683984,2858000000.0,-0.760479526439362,5354000000.0,-0.6243391620884762,888000000.0,-0.6459070379688187,10044000.0,0.5574455773991063,,,7919000000.0,0.10808429512728833
262,Zambia,176000000.0,0.9632682117040503,9.20494843965237,-0.18923023540541856,5.332950260173843,0.7872349940936613,683000000.0,0.8600094767406626,247000000.0,0.9384763721208793,423000000.0,0.9695822021306708,,,956000.0,0.8365265568605461,,,683000000.0,0.8600094767406626
263,Zimbabwe,79000000.0,0.3633146872336758,4.778703499033763,-0.15378043866730215,6.317394260040919,0.878715303506602,194000000.0,-0.08905497095677861,327000000.0,0.8839248778578905,406000000.0,0.8685830839934321,17000000.0,0.9676728747254174,2168000.0,-0.07533183907649008,860000.0,0.9989729059225819,177000000.0,0.9269428336464459
